county,state,total_violent_crime,household_income
St. Louis City,MO,28499,34582
Alexander,IL,407,26972
Kenedy,TX,19,43438
Baltimore City,MD,38950,41385
Shelby,TN,60653,46250
Marlboro,SC,1905,28297
Storey,NV,136,61573
Dillon,SC,2282,28817
Scott,MO,1742,40651
Philadelphia,PA,74866,37192
Pershing,NV,154,52101
Greenwood,SC,4458,36540
Madison,TN,5235,41617
Davidson,TN,35205,47335
Marion,IN,59476,42334
Wayne,MI,89515,41184
Jackson,MO,47941,47015
Pemiscot,MO,858,28889
Muskogee,OK,3038,38502
Barnwell,SC,1335,35231
Marion,SC,2237,29149
Dougherty,GA,6588,31671
Carter,OK,2360,41401
Genesee,MI,19498,42089
Milwaukee,WI,52476,43193
Richland,SC,23253,48359
Grundy,TN,522,26814
Rock,MN,149,46623
Pottawattamie,IA,5881,51304
Nolan,TX,639,36806
Winnebago,IL,13373,47072
Suffolk,MA,28468,53540
Saginaw,MI,6366,42331
Fulton,GA,58073,56857
Madison,FL,644,33833
Sangamon,IL,10961,55449
Haywood,TN,801,34542
Meade,KS,63,51000
Escambia,FL,16993,43918
Nicholas,WV,635,40064
Franklin,FL,318,38328
St. Clair,IL,10391,50578
Ector,TX,6371,51466
Sumter,SC,5554,41366
Comanche,OK,6648,46036
Colleton,SC,2066,33233
Sumter,GA,1845,33796
Darlington,SC,4384,36323
Lubbock,TX,15647,44397
Socorro,NM,659,34036
Duval,TX,432,34131
Bernalillo,NM,38032,48801
Marion,TX,351,31967
Lee,SC,974,27373
Laurens,SC,2946,37383
Hinds,MS,15151,37626
Cibola,NM,681,37237
Tulsa,OK,30314,48181
Putnam,FL,3589,32497
Jefferson,TX,12013,42568
Ohio,WV,1456,41025
Bamberg,SC,797,31483
Harris,TX,210023,53137
Jim Wells,TX,1953,40585
Oklahoma,OK,42912,45215
Mississippi,MO,534,29787
Calhoun,GA,122,26986
Dyer,TN,1787,38953
Clark,NV,73306,52873
Guadalupe,NM,127,29071
San Juan,NM,4121,48196
Fairfield,SC,1047,36120
Taylor,FL,453,36356
Wayne,GA,1832,35830
Leon,FL,12918,46369
Lander,NV,147,72742
Orange,FL,58250,47581
Leflore,MS,1753,24480
Essex,NJ,26821,55095
Peach,GA,1200,39844
Burke,GA,784,31494
Hamilton,TN,17087,46702
Miami-Dade,FL,130943,43100
Columbia,FL,2627,38070
Crockett,TN,362,36066
Hutchinson,TX,840,44731
Richmond City,VA,11288,40496
Jefferson Davis,MS,349,27186
Early,GA,374,28853
Henderson,TN,972,38280
Jefferson,IL,1449,42981
Warren,GA,130,27796
Lauderdale,TN,1111,32326
Cocke,TN,1842,30573
Bowie,TX,4464,42346
Hampton,SC,710,34233
Hendry,FL,1534,35425
Duval,FL,42674,48323
Greene,MO,18964,40337
Jefferson,FL,266,44170
Horry,SC,16165,42431
Nueces,TX,17402,47057
Sedgwick,KS,26949,49865
Montgomery,KS,1440,39669
Emanuel,GA,1253,32046
Camden,NJ,20002,61683
Nye,NV,1415,39876
Alachua,FL,10164,42149
Peoria,IL,7842,50712
Calhoun,MI,5210,42110
Williamsburg,SC,1557,25849
Roberts,TX,22,67321
Bradley,TN,3869,41083
Anderson,SC,10825,41579
Chester,SC,1513,33103
Willacy,TX,843,25886
Cook,IL,202273,54548
Clark,IN,5280,50496
Potter,TX,5861,37951
Wyandotte,KS,9201,39402
Turner,GA,277,28326
Luna,NM,1003,29282
Manatee,FL,12841,47876
Hampden,MA,18478,49094
Haralson,GA,1009,39993
New Castle,DE,21182,64537
Jackson,IL,2611,33479
Sullivan,TN,6448,39479
Greenville,SC,19207,49022
Jefferson,KY,37090,46959
Clayton,GA,14735,40606
Emporia City,VA,333,32155
Kershaw,SC,2481,43765
Mecosta,MI,1149,39470
Eddy,NM,2679,49165
Union,SC,1244,32556
Vermilion,IL,3539,41400
Rio Arriba,NM,1065,40250
Hardeman,TN,811,30973
Brooks,GA,566,34419
Champaign,IL,6972,45808
Glynn,GA,4347,46407
Petersburg City,VA,1630,34424
Norfolk City,VA,13494,44747
Henderson,IL,212,49389
Claiborne,TN,1030,33229
Butler,MO,2298,34969
Maury,TN,2712,45336
Cumberland,NJ,7664,50750
Tift,GA,2189,34591
Pinellas,FL,38929,45535
Roanoke City,VA,5374,38145
Clarendon,SC,1538,31410
Chaves,NM,3383,39131
Quitman,GA,57,31068
Wicomico,MD,3954,51092
Andrews,TX,446,57825
Spalding,GA,3597,41534
Victoria,TX,3617,50364
Wirt,WV,144,34702
Jeff Davis,GA,554,36296
Cecil,MD,3964,66689
Brevard,FL,19686,48039
Montgomery,TN,5683,49617
Beaufort,SC,5988,57316
Kent,DE,7287,55149
Howard,TX,1465,45612
Putnam,GA,623,44764
Morgan,MO,535,34797
Clinch,GA,285,30345
Wilkes,GA,234,28983
Muskegon,MI,8235,40979
Lincoln,WV,925,35487
Gadsden,FL,1394,35380
Dauphin,PA,8704,54066
Hill,MT,693,43726
Bibb,GA,10407,37550
Knox,TN,20679,47694
Bryan,OK,1540,38897
Taney,MO,2299,38461
Delaware,PA,15615,64041
Ward,TX,361,42568
Gibson,TN,1492,38343
Bristol,MA,16082,55298
Oconee,SC,2674,41394
Pontotoc,OK,1304,41881
Monroe,FL,3728,53607
Gonzales,TX,647,39248
Abbeville,SC,878,35947
Galax City,VA,348,30325
Dorchester,MD,1306,46361
Lawrence,PA,2576,43546
Ben Hill,GA,599,28547
Baltimore,MD,28106,66486
Des Moines,IA,1680,42451
Okeechobee,FL,1586,34570
Lancaster,SC,3573,42217
Lee,IA,1205,42469
Randall,TX,5164,58529
Baldwin,GA,1677,32751
Cherokee,TX,1704,38378
Lea,NM,2859,50694
Geary,KS,901,46908
Bay,FL,8281,47461
Washington Parish,LA,1935,31778
Calhoun,TX,692,47027
Johnson,TN,394,29609
Valencia,NM,2341,42506
Gregg,TX,6095,45525
Kleberg,TX,1512,40566
Sheridan,MT,85,48667
Muscogee,GA,12348,41339
Nantucket,MA,417,85478
Decatur,TN,342,36258
Osceola,FL,10595,43891
York,SC,7097,53740
Shawnee,KS,8894,48451
Pennington,SD,4659,50833
Ingham,MI,8772,45321
Cloud,KS,352,38534
Bradford,FL,676,40259
Douglas,NE,23399,53325
Passaic,NJ,13539,57654
Gray,TX,1028,43504
Portsmouth City,VA,5331,46166
Union,NM,152,38902
Hardin,TN,1049,33622
Marion,FL,8943,39453
Palm Beach,FL,50743,52432
Multnomah,OR,41623,52511
Georgetown,SC,2656,40131
Chesterfield,SC,1895,31252
Crisp,GA,1477,35240
Pottawatomie,OK,2884,42764
De Baca,NM,25,37660
Calhoun,SC,613,40704
Radford City,VA,607,30714
Broward,FL,75839,51251
Raleigh,WV,3697,40758
San Miguel,NM,592,28275
Muscatine,IA,1241,51425
Dimmit,TX,493,36681
Lincoln,TN,957,41571
Okaloosa,FL,5930,54684
Reno,KS,3276,43798
Decatur,GA,1149,30619
Hamblen,TN,2745,39596
Ramsey,MN,22167,54247
Hampshire,WV,341,27766
Clinton,IA,1680,49559
Barrow,GA,1988,53274
Coffee,TN,1857,37618
Bourbon,KS,554,39591
Atlantic,NJ,9724,54235
White Pine,NV,170,48586
Sussex,DE,7515,52710
Kanawha,WV,7663,46085
Meigs,TN,334,35150
Richmond,GA,12940,37749
Iron,MO,162,36387
Newberry,SC,1242,41718
Morris,TX,357,37849
Florence,SC,6676,41910
Hunt,TX,3266,44858
Roosevelt,NM,689,38764
Canadian,OK,5204,63629
Liberty,TX,2686,47228
Saluda,SC,529,38514
Lawrence,MO,1416,39334
Charlottesville City,VA,1716,44601
Mercer,NJ,9904,73480
Rutherford,TN,8514,55401
Leavenworth,KS,2102,63435
Scott,IA,5638,52735
Benton,MO,609,32951
Putnam,TN,3241,33709
Dallas,TX,106199,49481
Anne Arundel,MD,17322,87430
Iron,WI,106,39051
Hudson,NJ,15256,58442
Grenada,MS,763,34129
Gulf,FL,338,40455
Monroe,TN,1527,37595
Randolph,WV,826,37276
Laclede,MO,1143,39013
Wilbarger,TX,426,41658
Sweetwater,WY,1155,71525
Hemphill,TX,84,56379
Forest,PA,194,36556
Berrien,MI,5333,43633
Spartanburg,SC,10965,42919
Volusia,FL,19402,42457
Bexar,TX,103495,50112
Worcester,MA,20608,65223
Wichita,TX,6255,42971
Black Hawk,IA,4217,45747
Webb,TX,12294,39449
Lawrence,TN,1428,37368
Pierce,WA,37683,59204
Polk,GA,2106,39208
Kent,MD,444,56259
Cowley,KS,1304,41878
Barton,KS,1130,44981
Hockley,TX,755,50565
Schoolcraft,MI,256,35260
Webster,IA,1509,41624
Rusk,TX,1727,45752
Jackson,FL,1058,36809
Warren,IL,682,43536
Cumberland,TN,2226,37188
Stone,MO,730,40850
Trousdale,TN,187,43034
Barnstable,MA,6780,60526
Coffee,GA,2182,35693
Winkler,TX,96,48992
White,TN,853,34474
Stonewall,TX,11,42429
Tipton,TN,1619,52423
Brazos,TX,6648,38310
Dorchester,SC,5231,53857
Finney,KS,1180,47945
Newport News City,VA,6748,51027
Jasper,MO,6093,40399
Tarrant,TX,75725,56853
Cole,MO,2251,53931
Hopewell City,VA,977,37933
Lake,IN,20490,49035
Orangeburg,SC,4951,34110
Polk,MO,896,39512
Oglethorpe,GA,505,45729
Zavala,TX,210,25625
Dallam,TX,210,40895
Vernon,MO,1275,38679
Hennepin,MN,44720,64403
Allegheny,PA,31505,51366
Ellis,KS,922,43085
Ware,GA,1794,34572
Childress,TX,128,47532
Hidalgo,NM,52,34080
Bartow,GA,4283,47197
Hardin,IL,27,37071
Clay,FL,5118,59482
Elkhart,IN,6058,45693
Washington,TN,4635,42075
Bell,TX,11084,50060
Cedar,MO,391,30302
Charleston,SC,13122,50792
Camden,GA,1656,51990
Greene,TN,2444,35545
Curry,NM,2610,39871
Wharton,TX,1306,40411
Monroe,PA,5171,57408
Fredericksburg City,VA,1222,47040
Massac,IL,403,43615
Logan,WV,702,36999
Lake,MT,845,38019
Pulaski,MO,1358,49820
Kent,MI,17426,51667
Sequatchie,TN,504,36434
Robertson,TN,1679,52792
Henry,MO,886,39839
Clarke,GA,5421,33060
Dunklin,MO,1422,31304
St. Lucie,FL,8092,43413
Uvalde,TX,908,34902
Franklin City,VA,397,31928
Walker,TX,1701,37617
Bacon,GA,205,33757
Smith,TX,7750,47432
Warren,MS,1852,41025
Harvey,KS,1070,50287
El Paso,TX,22636,40157
Sierra,NM,336,27430
Lincoln,GA,249,35625
Colquitt,GA,1906,32484
Roosevelt,MT,315,36920
Macon,IL,3420,46559
Jennings,IN,855,44128
Chatham,GA,11206,45794
Shannon,MO,163,31132
Caddo,OK,621,39267
Adams,IA,64,45871
Liberty,GA,2415,43832
Panola,MS,1793,35715
Bedford,TN,1105,40759
Buchanan,MO,5394,44363
Ford,KS,1348,51178
Angelina,TX,3465,41354
Berkeley,SC,6802,52427
Irwin,GA,293,40771
Stephens,GA,1012,37898
Navarro,TX,2049,40795
Giles,TN,783,38495
Jasper,TX,912,40417
Pickens,SC,5161,41788
Warren,TN,1212,34641
Elbert,GA,835,35817
Terrell,GA,184,32628
Scott,KY,1615,61893
Charles,MD,3955,93160
Allendale,SC,381,25252
Grimes,TX,669,43994
Kalamazoo,MI,8428,45775
Crawford,GA,491,41586
Washoe,NV,13016,53040
Rock Island,IL,4457,48702
Anderson,TX,1591,40653
Essex,MA,17270,67311
Atkinson,GA,248,30049
Henderson,TX,2392,40900
Wyoming,WV,511,34454
Hart,GA,986,35615
Campbell,TN,1816,31943
Douglas,KS,5054,49508
Mason,IL,248,42260
Kent,TX,16,46875
Sunflower,MS,935,26619
Cass,MN,1167,45045
Fayette,KY,15893,48398
Seminole,GA,218,30521
Brown,TX,1323,39776
Kay,OK,1720,41012
Taylor,TX,5029,44891
Musselshell,MT,109,43409
Spokane,WA,30050,49233
Mercer,WV,1836,34842
Rhea,TN,878,36741
Marshall,IA,1159,51555
Chesapeake City,VA,7247,69743
Morgan,TN,543,37631
Plymouth,MA,11196,75092
Boone,MO,6197,48627
Lancaster,NE,11911,51574
Allegany,MD,2826,39293
Caldwell,TX,931,44152
Pratt,KS,326,46035
Scurry,TX,452,47513
Glacier,MT,219,33519
Dixie,FL,496,33981
Oregon,MO,154,27743
Reynolds,MO,111,34496
Newton,GA,3229,50580
Lamar,TX,1929,40104
Cape Girardeau,MO,3626,46516
Walton,FL,1646,43640
Worcester,MD,2410,57952
Lincoln,OR,1537,42365
Yakima,WA,11255,43506
Washington,IA,253,54554
Atchison,KS,543,45212
Robertson,TX,396,40601
Rockdale,GA,3623,52579
Fannin,GA,585,34239
Henry,VA,1472,34984
Franklin,IL,960,36273
Floyd,GA,4125,40821
Orange,TX,2560,49507
Santa Fe,NM,5963,52917
Suwannee,FL,921,35698
Hillsborough,FL,35178,49596
Obion,TN,1202,39467
Floyd,TX,143,42279
Williamson,IL,1244,43125
Caldwell,MO,218,41169
Caroline,MD,1073,58632
Limestone,TX,760,38823
Elko,NV,1446,70238
Mitchell,TX,235,42045
Tillman,OK,212,36354
Lexington,SC,8600,54061
Providence,RI,20819,49297
Harrison,TX,1881,45675
Polk,FL,21348,43113
Dickson,TN,1571,44318
Swisher,TX,150,36753
Grant,NM,869,37899
Bristol City,VA,715,32221
Travis,TX,51600,58025
Blount,TN,3653,45991
Clinton,MO,527,53826
Union,NJ,13470,68507
Lynchburg City,VA,2385,38138
Torrance,NM,368,31161
San Patricio,TX,2172,50657
Ste. Genevieve,MO,293,48433
Anderson,TN,2640,43620
Hughes,SD,599,59338
Lauderdale,MS,3037,36203
Hansford,TX,107,49150
Hamilton,FL,387,37716
St. Joseph,IN,9994,44582
Thomas,GA,1953,34035
Tunica,MS,541,31446
Saline,IL,585,37800
Surry,VA,93,47292
Weakley,TN,896,35273
Laurens,GA,2109,34793
Cheatham,TN,1024,52446
Saline,KS,2726,47215
Pulaski,IL,85,33717
Lee,FL,17301,47439
Pulaski,GA,294,41550
Cleveland,OK,11190,54989
Marshall,TN,599,42291
King,WA,87570,71811
Grady,OK,1579,49637
Los Alamos,NM,270,106686
Franklin,KY,1955,46071
Bastrop,TX,2071,51750
Lanier,GA,244,39452
Tate,MS,594,41494
Labette,KS,701,40916
Lewis,TN,345,34397
Seward,KS,685,50185
Sevier,TN,4419,43649
Berkshire,MA,3318,48450
Clay,MS,483,30764
Hamilton,IA,318,43589
Houston,GA,6059,54893
Berks,PA,10734,55170
Russell,KS,164,37111
Lucas,IA,263,43288
Cabell,WV,5032,38374
Seminole,FL,11644,58175
Aiken,SC,7083,44509
Crawford,KS,1928,37378
Ashland,WI,557,38550
Appanoose,IA,435,39208
Manassas City,VA,1049,71036
Matagorda,TX,1209,43096
Indiana,PA,1653,43997
Montgomery,IL,608,41952
Minnehaha,SD,5375,52345
Lamar,GA,560,41016
Gordon,GA,1702,40926
Blaine,ID,271,64042
Nacogdoches,TX,2074,36777
Webster,WV,88,27645
Union,TN,762,34399
Tama,IA,191,51670
Citrus,FL,3304,39100
Lake,FL,8334,45035
Wood,WV,2913,42287
Lake,TN,117,27115
Wilson,TN,2983,60390
Valley,ID,236,50473
Pierce,GA,435,39067
Stillwater,MT,153,57906
Salt Lake,UT,49600,60555
Howell,MO,1585,32533
Shelby,TX,662,37081
Logan,KS,33,41765
Putnam,WV,1026,54854
Ripley,MO,520,32291
Dodge,GA,1013,37292
Waynesboro City,VA,819,44847
San Augustine,TX,157,28390
Beaver,PA,4366,49217
Pasco,FL,14805,43888
Lowndes,GA,3727,37365
Lee,TX,382,51534
Suffolk City,VA,2568,66085
Doniphan,KS,142,46512
Ford,IL,233,48866
Edgar,IL,313,42133
Franklin,MA,1479,53663
Jackson,OR,8569,44005
Sarasota,FL,12283,49052
Hidalgo,TX,33273,34146
Lee,GA,724,60104
Jackson,MI,3713,46615
Troup,GA,2985,41161
Pawnee,KS,171,44078
Marshall,SD,55,46597
Danville City,VA,2102,30786
Chariton,MO,108,39385
Ozark,MO,170,32078
Harmon,OK,102,26688
Cherokee,SC,1197,34202
Polk,IA,16665,59018
Quay,NM,306,30802
St. Joseph,MI,1358,44051
Adair,OK,409,32556
Henry,TN,1108,36950
Garfield,WA,61,51548
Marion,TN,631,41268
Vanderburgh,IN,6735,43540
Hardy,WV,140,32723
Kankakee,IL,3339,50102
Indian River,FL,4222,44772
Somerset,MD,579,38447
Bates,MO,545,38579
Mahnomen,MN,131,40282
Stephens,OK,1671,43885
Wayne,IL,342,43605
Stewart,TN,213,39781
Jefferson,GA,394,26968
Kearny,KS,75,52264
Panola,TX,766,52453
Pecos,TX,380,47019
Woodbury,IA,4093,45856
Cowlitz,WA,4213,47596
Lafayette,FL,95,39722
Sheridan,NE,109,38548
Clearfield,PA,2088,41030
Jackson,TN,269,33386
Washington,MS,3313,28093
Adams,IL,1781,45073
Iron,UT,1249,42369
St. Louis,MO,29934,58910
Cass,TX,808,35598
Jefferson,TN,1587,39745
Tyler,TX,351,39940
Tippecanoe,IN,5593,44246
Bay,MI,2453,45376
Kauai,HI,2813,62052
Knox,IL,1555,40667
Jack,TX,180,49038
Carroll,GA,3813,46147
Midland,TX,4108,62993
Greene,GA,500,42565
Carbon,UT,932,44724
Walton,GA,2960,52369
Polk,TN,416,39074
Sullivan,PA,117,40964
Banks,GA,621,41141
Maverick,TX,1715,31395
Scott,KS,96,50605
Mitchell,KS,83,46667
Jackson,MS,5318,48943
Lyon,NV,1287,46137
Buena Vista,IA,386,46951
Wakulla,FL,783,52691
Ochiltree,TX,193,49964
Wayne,IN,2257,38350
Mineral,WV,518,31163
Boone,IA,443,51826
Kootenai,ID,5005,49002
Hernando,FL,5150,41024
Marion,IL,1410,41010
Macon,TN,299,35306
Sumner,TN,3637,55509
Overton,TN,369,34604
Washtenaw,MI,9647,59055
Mille Lacs,MN,919,47862
Lake,OR,47,33611
Colorado,TX,458,45146
Grant,WA,3911,45949
Dooly,GA,210,29012
Scott,MS,445,34534
Davison,SD,511,48341
Perry,TN,131,32845
Glades,FL,233,34694
Jasper,IL,135,52233
Claiborne,MS,278,23689
Missoula,MT,3987,46117
Mitchell,GA,630,32054
Macomb,MI,20857,53451
Terry,TX,264,37679
Carbon,MT,155,47831
Camp,TX,379,37079
Lake,MI,308,29379
Deer Lodge,MT,211,38958
Custer,OK,596,44972
Franklin,TN,949,42904
Grant,KS,137,53213
Jasper,SC,895,36413
Eureka,NV,35,64632
Clark,WI,379,43276
Jerome,ID,416,40126
Mills,IA,413,63076
Jefferson,MS,65,26028
Upshur,TX,1135,46600
Yellowstone,MT,6108,51342
Blaine,MT,46,37151
Crawford,MI,270,40295
Miller,GA,135,32260
Greene,IL,174,43502
Allen,IN,12111,49370
Richland,MT,262,58112
Warren,MO,917,50830
Hancock,TN,207,23892
Chippewa,MI,730,41637
Donley,TX,44,42411
Washington,IL,140,52832
Martinsville City,VA,461,28116
Lamb,TX,426,36727
Barber,KS,112,45920
Levy,FL,1071,34348
Toombs,GA,957,31189
Van Buren,MI,1860,45129
Humboldt,NV,248,59472
Pettis,MO,2100,38580
Mingo,WV,368,35955
St. Johns,FL,5204,64876
Luzerne,PA,8862,44402
Barry,MO,1480,38710
Broadwater,MT,62,45932
Washington,FL,471,38501
Yazoo,MS,592,26336
Scott,IN,1122,42898
Jasper,GA,233,42192
Harford,MD,4780,80622
Warren,IA,802,62535
Crook,OR,493,38795
Hall,NE,2731,48712
Butts,GA,624,49754
Brown,WI,5555,53119
Grand,UT,329,45888
Houston,TN,139,35271
Catron,NM,84,39826
Mayes,OK,771,42751
Pocahontas,WV,96,33779
Luce,MI,89,39469
Benewah,ID,104,39049
Mason,MI,1006,41136
Hardee,FL,812,37125
Jackson,OK,829,42824
Franklin,KS,647,49543
Douglas,GA,4532,52691
Washington,OK,1546,48687
Montour,PA,315,51482
Tom Green,TX,4165,44545
Coles,IL,836,37040
Meriwether,GA,707,37333
Decatur,KS,55,39333
Garfield,OK,2258,44530
Twin Falls,ID,1818,43886
Choctaw,OK,294,30201
Josephine,OR,3143,37733
Clallam,WA,2510,46033
Malheur,OR,1124,35578
Goshen,WY,251,43257
Taylor,GA,141,27455
Cherokee,KS,724,39746
Warren,PA,859,43764
Highlands,FL,2747,35560
Telfair,GA,278,26634
Monongalia,WV,2341,44173
Hill,TX,965,40769
Fayette,WV,1363,33771
Flathead,MT,2743,46581
Marshall,OK,175,37319
Kitsap,WA,8866,62413
St. Francois,MO,2115,37238
Preston,WV,408,45413
Woodward,OK,618,51867
Comal,TX,3120,65839
Otero,NM,1388,39263
White,IL,382,42914
Galveston,TX,9925,61877
Mason,WA,2751,48755
Essex,VA,268,44885
Howard,IN,2585,43590
Salem,NJ,1712,59718
Osage,OK,1186,44195
Ottawa,OK,919,36473
Cape May,NJ,4673,56494
Marshall,MS,440,36022
Phelps,MO,1530,41964
Wayne,WV,1110,36964
Warrick,IN,1105,62351
Monroe,MI,4308,53972
Wright,MO,445,28645
Cobb,GA,18660,63920
Whitfield,GA,3308,40471
Carbon,PA,1520,48900
St. Clair,MO,261,31539
Chambers,TX,1084,72489
Worth,GA,670,35792
Delta,MI,1177,42676
Linn,KS,186,45519
Martin,FL,3631,49846
Barbour,WV,190,37327
Hartley,TX,113,65750
Delaware,IN,4126,37474
Sequoyah,OK,989,35742
Lumpkin,GA,539,43775
Callaway,MO,1428,47964
Starr,TX,1180,24927
Butte,SD,197,41332
Madison,IN,4451,43120
Le Flore,OK,1149,36542
Harrison,WV,1692,43183
Page,IA,405,43010
Bennett,SD,31,37607
Sandoval,NM,2816,58017
Wexford,MI,829,40965
Shoshone,ID,282,38440
Wayne,TN,194,33198
Garvin,OK,762,38245
Polk,MN,678,50695
Lehigh,PA,10583,54923
Monroe,IN,5237,40052
Chase,KS,57,36815
St. Clair,MI,3756,48066
Cherry,NE,57,45464
Christian,KY,2388,38904
Cameron,TX,17907,33179
Washington,MD,3498,55609
Clinton,IN,1157,48953
Silver Bow,MT,1373,38659
Union,FL,194,42660
Macon,MO,397,38443
Flagler,FL,2205,47233
Logan,IL,641,47133
Smith,TN,441,42383
Frederick,MD,4639,84570
Maui,HI,6487,63512
Candler,GA,228,35070
Kalkaska,MI,532,40140
Snyder,PA,763,46513
Sumner,KS,712,47894
Grayson,TX,4086,46429
Blair,PA,2455,42992
Franklin,WA,2193,55177
Lincoln,NM,589,43014
Lowndes,MS,1809,37868
Johnson,TX,4131,57535
Newton,MO,2174,42268
Uintah,UT,761,62067
Franklin,MS,83,32372
Fergus,MT,170,38344
Benton,TN,379,33033
Hampton City,VA,5159,50705
Marion,WV,684,42152
Fentress,TN,522,29192
Clay,SD,335,38173
Heard,GA,193,39909
Bedford,PA,746,43290
Kanabec,MN,400,47068
Newaygo,MI,1118,42571
Scott,TN,617,28401
Ogemaw,MI,501,34619
York,PA,9825,58745
Roane,TN,1595,42223
Park,MT,247,42426
Woodson,KS,73,33839
Chester,TN,328,41875
Racine,WI,5800,54090
Erie,PA,8082,45202
Osage,KS,322,50205
Codington,SD,661,47214
Carbon,WY,374,55347
Fort Bend,TX,12619,85297
Ray,MO,671,52698
Mercer,IL,249,53136
Washington,GA,569,33652
Marshall,WV,891,40681
Park,WY,557,53951
Aransas,TX,921,42476
Adams,MS,1308,27381
Crawford,IL,297,46216
Pittsburg,OK,1628,41252
Screven,GA,398,34848
San Jacinto,TX,787,46107
Johnson,GA,202,36722
Marion,MO,1438,42046
Haskell,OK,188,35334
Wagoner,OK,1655,55723
Mackinac,MI,489,38704
Carson City,NV,1243,51957
Collier,FL,6376,55843
Maries,MO,151,42566
Moore,TX,561,51181
Jackson,IN,2007,46501
St. Louis,MN,6610,46517
Allen,KS,432,40554
Hillsborough,NH,10142,69829
Holmes,FL,298,35511
Florence,WI,118,47960
Hampshire,MA,3569,61227
Johnson,IA,3254,53424
Berkeley,WV,3245,53515
Lincoln,SD,1195,74751
Blue Earth,MN,2332,49935
Linn,MO,290,38250
Pike,MS,1193,34841
Pottawatomie,KS,418,56854
Pawnee,OK,233,44375
Charlotte,FL,3913,44378
Haskell,KS,68,52415
Douglas,IL,256,52741
Hawkins,TN,1702,37357
Beltrami,MN,1899,43231
Osceola,MI,475,37788
Elmore,ID,387,42842
Esmeralda,NV,10,30284
Palo Pinto,TX,1082,41670
Riley,KS,1701,43962
Edwards,IL,75,39075
Freestone,TX,408,44502
Lyon,IA,114,52152
Hickman,TN,485,39581
Rock,WI,5177,49435
Tooele,UT,1848,61412
Carroll,TN,636,35049
Yankton,SD,616,52578
Beadle,SD,501,42196
Lawrence,IN,1072,42627
Converse,WY,408,63918
Honolulu,HI,31991,72764
Neosho,KS,656,42071
Manistee,MI,420,41551
Laramie,WY,2959,55864
Baker,FL,361,49236
Cascade,MT,3329,44963
Johnson,IL,163,40760
Blaine,OK,212,44206
Lane,OR,14505,42931
Tazewell,IL,2908,56067
Marion,OR,11515,46885
Polk,OR,2336,52808
Bannock,ID,2382,43534
Sheridan,KS,31,48674
Itasca,MN,948,46912
Talbot,MD,967,61597
Payette,ID,483,43649
Murray,GA,958,34888
Kane,UT,126,48540
Walla Walla,WA,2259,46597
Van Buren,TN,122,33547
Golden Valley,MT,5,39313
Windham,VT,1148,50234
Lane,KS,19,53021
Colonial Heights City,VA,1027,50835
Henry,IA,367,46376
Loudon,TN,1251,51074
Lackawanna,PA,5105,46044
Jones,TX,506,41297
Johnson,IN,4012,61231
Mower,MN,1001,46004
Graham,KS,38,47500
Deschutes,OR,5064,50209
Cooke,TX,1066,50067
Lincoln,MT,295,33333
Fayette,PA,3564,39115
Morgan,IL,616,46809
Garrett,MD,613,45206
Adams,WA,802,43926
Dade,GA,291,43205
Eastland,TX,444,34914
Vigo,IN,5563,40692
Sherman,KS,135,38634
Payne,OK,2460,36812
Wapello,IA,1207,41425
Clark,IL,175,47405
Jefferson,KS,507,56875
Kaufman,TX,2520,61194
Keweenaw,MI,39,39038
Wichita,KS,35,53018
Butler,KS,1924,56454
Shiawassee,MI,1407,46217
Livingston,IL,999,54614
Jones,MS,1971,38074
Klamath,OR,1576,39627
Madison,IL,6539,53633
Thomas,KS,193,48187
Cambria,PA,2873,41730
Asotin,WA,795,43175
Poweshiek,IA,284,50349
Waller,TX,941,50097
Northumberland,PA,1645,41208
Cass,IL,72,45734
Cannon,TN,224,40689
Calhoun,WV,68,31679
Boyle,KY,774,41473
Mercer,PA,2927,44301
Gilmer,GA,613,39140
Gladwin,MI,481,37626
Covington City,VA,165,34319
Wilcox,GA,140,32928
Boone,WV,471,42156
Benton,WA,5005,60485
Morton,KS,45,46607
Sanilac,MI,693,40478
Burnett,WI,447,39564
Terrell,TX,5,39479
Gwinnett,GA,20997,60445
Boise,ID,171,41056
Hawaii,HI,5818,51250
Winchester City,VA,1267,44200
Dane,WI,14258,61721
Barton,MO,324,40580
Rush,KS,63,42610
Russell,VA,538,33872
Milam,TX,641,37391
Clare,MI,586,32668
Live Oak,TX,251,42829
Creek,OK,1384,43026
Rich,UT,40,50000
Walker,GA,2080,39963
Harrisonburg City,VA,1188,38048
New Madrid,MO,213,35793
Wheeler,OR,3,37974
Cook,GA,386,34985
Kingman,KS,140,47466
Canyon,ID,4447,42105
Douglas,WI,1768,45418
Richland,IL,338,44070
San Saba,TX,67,37743
Polk,WI,635,48538
Lebanon,PA,2841,54818
Anderson,KS,225,41713
Pulaski,IN,213,44764
Adair,MO,761,34733
Big Horn,MT,135,39966
Powell,MT,75,40802
Isabella,MI,1560,36372
Simpson,KY,521,39546
Runnels,TX,156,37667
Hale,TX,1142,41191
Lyon,KS,1023,38981
Dawson,MT,316,50405
Middlesex,MA,28795,82090
Tyler,WV,162,39206
Okanogan,WA,909,40368
Thurston,WA,8231,62229
Clark,WA,12674,58225
Cumberland,IL,114,43958
Piscataquis,ME,347,36646
Dent,MO,327,36311
Baker,GA,37,27353
Jefferson,WA,795,46320
Custer,MT,264,43524
Pulaski,VA,1228,44312
Zapata,TX,198,31109
Nowata,OK,193,39430
Iosco,MI,649,36236
Spotsylvania,VA,2605,78345
Washington,TX,783,44858
Whatcom,WA,6522,51939
Dinwiddie,VA,486,52027
Brantley,GA,386,36070
Belknap,NH,2034,58654
Camden,MO,1047,43458
Brooks,TX,155,21865
Henderson,KY,1161,41940
Stearns,MN,3884,54551
Ada,ID,9076,55210
Lewis,WA,2208,42860
Oakland,MI,24840,65594
Weber,UT,7760,54974
Wabash,IL,299,47365
Lenawee,MI,1768,47766
Polk,TX,1232,37855
Brule,SD,111,45284
Roberts,SD,114,47191
Pushmataha,OK,227,29897
Roane,WV,229,28513
Comanche,KS,13,39375
Murray,OK,256,44151
Schuylkill,PA,2627,45012
Fayette,TN,526,56618
Brown,IL,53,42194
Amelia,VA,179,52885
Branch,MI,822,41856
Lincoln,OK,779,42668
Kiowa,OK,273,36281
Ellsworth,KS,111,45865
Humphreys,TN,354,42846
Pine,MN,1109,43928
Titus,TX,974,42939
Harrison,MS,8224,43124
Clay,KS,173,45233
Coffey,KS,109,51793
Jefferson,MO,4827,54845
Van Buren,IA,77,43181
Hays,TX,3805,58651
Strafford,NH,3456,58825
Ravalli,MT,701,38688
Greene,PA,862,44388
Allegan,MI,2162,52061
Snohomish,WA,23138,68381
Catoosa,GA,2049,47087
Owyhee,ID,164,32175
Crawford,MO,544,35897
Lunenburg,VA,140,35237
Kenosha,WI,4701,54930
Swift,MN,173,48026
Cochran,TX,128,38650
Taylor,KY,620,36384
Kenton,KY,4597,54270
Warren,KY,4111,44135
Stoddard,MO,725,37965
Miami,KS,759,58936
Wilson,KS,253,38917
Beaver,OK,90,51422
Linn,IA,6324,57260
Mahaska,IA,398,47967
Grays Harbor,WA,2419,42405
Washington,PA,4063,53693
Ness,KS,34,48800
Mineral,NV,67,35017
Bremer,IA,245,61216
Gilchrist,FL,280,38406
Otsego,MI,490,47584
Sussex,VA,182,39635
Northampton,PA,6343,60097
Skagit,WA,5151,55925
Berrien,GA,472,32258
Austin,TX,548,53265
Clark,KY,1363,45853
Cherokee,OK,1077,37260
Guadalupe,TX,3286,61958
Fannin,TX,638,44355
Braxton,WV,191,31848
Cumberland,VA,117,40557
Edgefield,SC,575,43861
Macon,GA,627,30240
Wright,IA,180,45205
Pickens,GA,682,51383
Cooper,MO,484,45992
Juneau,WI,508,45297
Dodge,MN,314,69301
Refugio,TX,115,44548
Hamilton,KS,24,43357
Roscommon,MI,584,33334
Dukes,MA,453,66288
Marion,MS,638,29400
Caribou,ID,47,53586
Rabun,GA,385,35423
Hillsdale,MI,760,41759
Redwood,MN,253,47447
Franklin,VT,1243,56240
Howard,MD,7077,109865
Pierce,WI,819,59226
Accomack,VA,727,39328
Brown,SD,615,51398
Rains,TX,206,44478
Winnebago,WI,3711,51010
Koochiching,MN,313,41108
Butte,ID,6,41131
Floyd,IN,2984,53961
Falls,TX,193,32908
Lincoln,NE,1331,48158
Crane,TX,56,50417
Dawson,TX,342,39714
Cass,MO,2385,60350
Sawyer,WI,444,39904
Natrona,WY,2521,57791
Okmulgee,OK,1058,39156
Franklin,MO,2783,48857
Wheatland,MT,9,31867
Moody,SD,100,51791
Haskell,TX,91,36857
Monroe,IA,151,45997
White,GA,718,40670
Churchill,NV,623,49830
Bonneville,ID,2603,50872
Gallatin,MT,2421,52833
Campbell,KY,3362,54306
Van Zandt,TX,1128,43439
Blanco,TX,149,49487
Floyd,IA,213,43826
Coos,OR,2151,37940
Menard,TX,7,31215
Gooding,ID,280,37050
Montcalm,MI,1431,40451
Carroll,NH,1201,50866
Norfolk,MA,10941,84916
Box Elder,UT,1267,57292
Coryell,TX,1399,49819
Montgomery,MD,19559,98221
Taos,NM,576,32637
Mecklenburg,VA,799,36261
Henry,GA,6403,60781
Cameron,PA,110,41410
Cherokee,IA,130,48977
Stafford,KS,78,43292
Adams,NE,1110,49440
Lampasas,TX,437,49277
Bee,TX,439,43690
Carroll,MD,3051,84790
Whiteside,IL,1524,47667
Sevier,UT,606,46229
Alpena,MI,619,38016
Union,IL,269,41848
Lycoming,PA,2755,45430
Walworth,SD,93,41826
Marshall,IL,129,51504
Menominee,MI,593,41739
Upson,GA,955,35329
Hamilton,TX,139,40655
Phillips,KS,35,43059
Clay,TN,112,29727
Morgan,GA,445,47729
Rogers,OK,1339,58525
Teton,WY,277,68078
Macoupin,IL,702,49590
Kimble,TX,77,43424
Gage,NE,641,47654
Webster,MO,822,44596
Douglas,MO,250,32130
Henrico,VA,8503,61048
Unicoi,TN,440,32292
Monmouth,NJ,13263,84526
Staunton City,VA,582,38501
Rutland,VT,2328,49271
Cass,IA,235,43481
Delaware,OK,731,36588
La Salle,TX,59,26756
Neshoba,MS,371,37050
Comanche,TX,315,36020
Taliaferro,GA,61,25465
Montgomery,KY,1078,37312
Fulton,IL,682,45130
Fayette,IA,261,45542
Coleman,TX,289,31373
Dallas,MO,414,40120
Audrain,MO,534,43013
Washington,MO,632,34702
Noble,OK,208,44842
Grand Traverse,MI,1291,51766
Kosciusko,IN,1356,50859
Eaton,MI,2177,54115
Hopkins,TX,420,43657
Palo Alto,IA,117,44663
Wheeler,TX,82,51766
Millard,UT,281,49238
Oneida,WI,775,45759
Columbia,WA,172,42519
Christian,MO,1527,52838
Bulloch,GA,2465,35840
Iowa,WI,302,55659
Hall,GA,4671,50853
Wise,VA,952,36218
Fayette,IL,388,44722
Jersey,IL,449,53954
Kandiyohi,MN,1015,50149
Deaf Smith,TX,422,41444
Montgomery,PA,16433,79183
White,IN,322,51444
Ottawa,MI,5633,56453
Caldwell,KY,291,37127
Washita,OK,178,46686
Burnet,TX,921,48115
Newport,RI,2226,71713
Huntingdon,PA,625,44183
Charlotte,VA,157,33015
Harper,KS,127,38313
Monroe,WV,163,41234
La Crosse,WI,3366,51339
Montgomery,TX,10125,67766
Beaver,UT,48,46660
Emmet,IA,153,48601
Brown,KS,221,39968
Sheboygan,WI,2656,52920
Prairie,MT,8,38036
Halifax,VA,1000,34659
Martin,TX,71,42607
Carter,TN,1614,31842
Perry,IL,232,42078
Daviess,KY,3380,46555
Lincoln,MO,855,52835
Olmsted,MN,3378,66252
Lavaca,TX,380,44149
Washington,UT,3070,49279
Randolph,MO,755,37203
Bartholomew,IN,2893,54165
Kennebec,ME,3840,46808
Tazewell,VA,1336,35693
Pocahontas,IA,86,44073
Stanley,SD,38,54620
Will,IL,12676,76147
Phillips,MT,84,42632
Virginia Beach City,VA,12653,65219
Duchesne,UT,594,57683
Forrest,MS,2808,36726
Grainger,TN,512,32364
Oscoda,MI,253,33239
Orange,IN,102,38826
Medina,TX,665,55326
Middlesex,NJ,15271,79596
Baylor,TX,58,33445
Lancaster,PA,11233,56483
Tuscola,MI,911,43039
Karnes,TX,427,42862
Boyd,KY,1691,40379
Coweta,GA,2920,60813
Atchison,MO,59,44426
Northampton,VA,272,33635
Nottoway,VA,325,36607
Lyon,MN,486,49594
Perry,PA,789,57375
Alexandria City,VA,3287,85706
Carroll,MO,138,46002
Marquette,MI,1523,45622
Madison,KY,3161,42312
Franklin,GA,556,34830
Langlade,WI,845,42389
Jessamine,KY,1867,49024
Fremont,WY,1095,50418
Miller,MO,664,35507
Chattooga,GA,535,33228
Texas,OK,454,49901
Kane,IL,8879,69530
Bryan,GA,656,64707
Appling,GA,628,36786
Montgomery,IN,1051,46797
Chester,PA,8518,86050
Johnson,WY,173,57004
Dubuque,IA,2293,51475
Shelby,MO,49,35938
Gem,ID,145,44432
Okfuskee,OK,387,35170
Denton,TX,16044,74155
Atascosa,TX,1336,47543
Outagamie,WI,3278,58318
Oktibbeha,MS,1560,30987
Buchanan,VA,514,29848
Jasper,IA,823,50513
Baraga,MI,60,41189
Beckham,OK,531,48989
Daviess,IN,776,47165
Nassau,FL,1543,55315
Crow Wing,MN,1881,47058
Eau Claire,WI,2298,48090
Delaware,IA,136,54076
Roanoke,VA,1681,60795
Ritchie,WV,127,35769
Summit,UT,1013,83336
Gloucester,NJ,8105,74524
Lapeer,MI,1298,52939
Dade,MO,83,35483
Jackson,IA,323,46467
Piatt,IL,179,63027
Ontonagon,MI,74,34620
Buckingham,VA,429,38648
Alger,MI,114,37586
Valley,MT,78,47181
Washington,OR,11344,64180
Chippewa,MN,160,49434
Borden,TX,7,71607
Ferry,WA,62,37571
Lincoln,WI,583,49021
Chelan,WA,2139,51354
Madison,GA,801,42549
Foard,TX,3,33750
Bleckley,GA,392,36073
Mifflin,PA,1071,40384
Long,GA,330,42651
Iron,MI,224,34685
Liberty,FL,66,39681
Barry,MI,831,52186
Greenwood,KS,83,38346
Bolivar,MS,933,28599
Westmoreland,PA,5912,50736
Fisher,TX,72,42125
Bennington,VT,1023,50221
Nez Perce,ID,1467,46503
Arenac,MI,265,38874
Talbot,GA,121,32424
Meagher,MT,25,38182
Summers,WV,299,33784
Johnston,OK,85,36192
Rawlins,KS,38,43482
Hall,TX,52,33006
Grady,GA,535,30571
Antrim,MI,439,45362
Dixon,NE,98,47325
Monona,IA,134,42025
Hardin,TX,997,53013
Twiggs,GA,180,31234
Clarion,PA,713,42389
Houston,TX,431,33119
Delta,TX,138,40375
Oceana,MI,565,40023
Moniteau,MO,234,47118
Santa Rosa,FL,2498,57703
Spink,SD,55,48911
Sullivan,NH,983,54463
Lake,IL,13755,77469
Union,IA,169,44838
Burlington,NJ,8807,78446
Lincoln,ID,21,42433
Montgomery,MO,206,40236
Paulding,GA,3200,61837
Kerr,TX,1093,43601
Jay,IN,403,40235
Marshall,KS,173,44032
Latah,ID,903,41735
Jackson,KS,254,54546
Johnson,KS,12343,74717
Simpson,MS,395,38362
Jackson,GA,1343,53179
Grant,IN,1937,39747
Southampton,VA,383,46150
Judith Basin,MT,7,41932
Pennington,MN,316,45633
Culpeper,VA,966,64423
Concho,TX,11,51411
Union,OR,789,42542
Bingham,ID,827,47941
Dickinson,KS,514,48890
Brazoria,TX,6844,67603
Todd,MN,390,45000
Gasconade,MO,304,41392
Collin,TX,18613,82762
Marion,IA,268,54723
Pend Oreille,WA,499,40567
Young,TX,491,44429
Iowa,IA,198,58008
Grant,WI,1071,46963
Prince William,VA,7673,98071
Perry,MO,300,47876
Jefferson,PA,548,41262
Chittenden,VT,5053,63989
Washburn,WI,290,41924
Columbia,WI,1023,57922
Wise,TX,962,56005
Bradford,PA,1325,46963
Columbia,OR,919,54968
Greer,OK,49,39900
Gibson,IN,551,49329
Cassia,ID,389,42039
Charlevoix,MI,423,45949
Smyth,VA,761,37239
Madison,TX,220,41732
Logan,KY,503,36590
Colfax,NM,359,37734
Grundy,MO,261,37964
Sabine,TX,141,32963
Mason,KY,578,41137
Dallas,IA,1191,73847
Monroe,GA,565,48630
Caledonia,VT,722,45395
Hot Springs,WY,92,42019
Erath,TX,969,39586
York,ME,4890,57348
Umatilla,OR,2740,48389
Choctaw,MS,78,29876
Williamson,TX,9212,71803
Greensville,VA,137,39697
Ellis,TX,3731,61952
Potter,PA,215,41547
Morgan,WV,261,36046
Story,IA,2180,50516
Jo Daviess,IL,240,50817
Benton,MN,664,52200
Lemhi,ID,61,34122
Stafford,VA,2480,97110
Power,ID,115,44212
Pontotoc,MS,477,39899
Island,WA,1628,58455
Goodhue,MN,1164,56836
Sumter,FL,1078,48493
Saline,MO,504,39519
Wabaunsee,KS,78,54694
Louisa,IA,110,50583
Rock,NE,9,43500
Hopkins,KY,1041,40891
Wasco,OR,872,43765
Androscoggin,ME,3447,44921
Morrow,OR,282,49940
Johnson,MO,1467,47223
Fulton,KY,153,33582
Habersham,GA,939,39306
Chautauqua,KS,55,39529
Charles Mix,SD,88,40102
Stephens,TX,128,41728
Gratiot,MI,688,40359
Bailey,TX,199,46139
Harrison,KY,617,36048
Franklin,PA,2729,52637
Clearwater,ID,171,40134
Orleans,VT,513,41953
Bell,KY,1039,26228
Boone,KY,3448,67225
Burleson,TX,224,45651
Aitkin,MN,478,41617
Sauk,WI,2006,52140
Towns,GA,210,36570
Latimer,OK,107,40970
Lee,VA,469,31308
Graves,KY,551,38394
Woodford,KY,783,57580
Archer,TX,108,56452
St. Charles,MO,7327,71077
Bureau,IL,572,48977
Anoka,MN,9812,70380
Val Verde,TX,924,40450
Hardin,IA,348,49342
Cheshire,NH,1462,55155
Benton,IN,65,48711
Clark,KS,35,41129
Cass,MI,1000,44346
Idaho,ID,159,37349
Manitowoc,WI,1671,48881
Coal,OK,85,34867
Red River,TX,234,31712
Calhoun,FL,134,32780
Bollinger,MO,142,37716
Reeves,TX,328,40571
Charlton,GA,213,40111
Arlington,VA,4658,103208
Rice,MN,1427,59915
Clay,MN,1245,52410
Douglas,OR,3367,40524
Pike,IN,303,40680
Goliad,TX,126,50923
Walthall,MS,220,31090
Dunn,WI,806,48893
Roger Mills,OK,46,53885
Washington,ME,648,37236
Love,OK,136,43260
Ohio,KY,333,40830
Montague,TX,517,44231
Trigg,KY,225,45629
Cumberland,ME,7807,57461
Knox,TX,38,34295
Ionia,MI,1079,47892
Carlton,MN,939,53016
Lawrence,SD,699,43273
Alcona,MI,221,37189
Itawamba,MS,342,36073
Vermillion,IN,189,42524
Trinity,TX,213,34555
Sanders,MT,152,32881
Somerset,PA,913,43597
Rusk,WI,131,38658
Williamsburg City,VA,493,48616
Chippewa,WI,1144,50551
Holt,MO,104,42979
Osborne,KS,97,37925
Clinton,MI,1008,60466
Clark,MO,50,40204
Manassas Park City,VA,255,71227
Washington,VT,1675,57281
Williamson,TN,2578,89779
Merrimack,NH,2988,65353
Tucker,WV,53,37635
Calumet,WI,653,65130
Shelby,KY,948,57298
Pondera,MT,50,41277
Campbell,WY,1498,79488
Hood,TX,1155,55754
Dawson,NE,524,46078
Venango,PA,881,41977
Nemaha,KS,105,47122
Franklin,ME,721,41626
Huntington,IN,666,46148
Susquehanna,PA,568,48231
Lewis,WV,176,36199
Wallace,KS,4,47454
Calloway,KY,1129,39677
Frio,TX,395,35849
Columbia,PA,1611,44807
Prince Edward,VA,521,37436
Calvert,MD,1831,95477
San Juan,UT,172,40492
Howard,MO,78,42747
Emmet,MI,545,50929
Clinton,IL,460,61720
Wheeler,GA,103,24382
Yamhill,OR,2251,54535
Ida,IA,100,43449
Chesterfield,VA,7416,72088
Page,VA,493,42906
Somerset,ME,1694,38642
Decatur,IN,161,48047
Bayfield,WI,315,44944
Big Horn,WY,63,52589
Randolph,GA,121,30023
Huron,MI,552,40204
Irion,TX,36,50357
Sullivan,MO,90,36676
Dewey,OK,58,46488
York,VA,1449,82073
Pike,PA,1153,59340
Kent,RI,3927,62279
Jackson,TX,218,49528
Kendall,IL,1857,81765
Wood,TX,859,43649
Caroline,VA,453,57218
Fulton,PA,212,48461
Clinton,PA,775,42184
Christian,IL,395,45145
Henry,IL,871,52940
Yoakum,TX,166,49340
Marshall,KY,542,43907
Wilkin,MN,121,50507
Morris,KS,122,47445
Jefferson,WI,1531,53454
Marathon,WI,2433,53363
Montgomery,VA,1973,45543
Grafton,NH,1829,54912
Midland,MI,1053,53076
Livingston,MO,378,40116
Louisa,VA,533,54518
Nodaway,MO,411,36641
Lincoln,ME,609,50181
Wayne,PA,939,49313
Whitley,KY,611,29769
Washington,VA,1308,41897
Ballard,KY,179,44588
Evans,GA,173,36788
Ellis,OK,45,47344
Patrick,VA,337,34864
Alfalfa,OK,52,44811
Sublette,WY,96,77900
Dakota,NE,423,47069
Worth,IA,123,50476
Hood River,OR,210,56725
Grant,WV,78,41368
Clay,WV,79,31613
Pulaski,KY,1598,34092
Clarke,VA,202,77597
Callahan,TX,121,44902
Minidoka,ID,371,43266
Niobrara,WY,11,38438
Rockingham,NH,6204,77348
Seminole,OK,852,33819
Hand,SD,19,47679
Schley,GA,60,38425
Linn,OR,3899,46939
Augusta,VA,948,52027
Campbell,VA,933,47162
Albany,WY,982,42774
Walworth,WI,2038,54020
Oconee,GA,531,75004
Dakota,MN,9746,73732
Wetzel,WV,186,37969
Major,OK,181,49905
Shenandoah,VA,782,49625
Bullitt,KY,1542,54836
Winston,MS,133,30821
Pacific,WA,612,39830
Meeker,MN,431,53904
Wilkinson,GA,163,36173
Starke,IN,225,40126
Freeborn,MN,682,44683
Miami,IN,402,42023
Jefferson,WV,903,65304
Barren,KY,611,38873
Fremont,ID,128,44520
Nobles,MN,255,48208
Sherman,OR,44,42639
Hardin,KY,2206,48687
Chickasaw,MS,80,31061
Skamania,WA,127,53712
Waseca,MN,332,53657
Craig,VA,17,47806
Montgomery,IA,180,44281
Klickitat,WA,348,41694
Bourbon,KY,468,40933
Cerro Gordo,IA,1754,44795
Marshall,IN,892,45709
Parker,TX,2476,64515
Harrison,MO,118,37739
Mason,WV,427,38411
Franklin,IA,81,48355
Oxford,ME,1592,40674
Harris,GA,405,69223
Butler,PA,2580,58230
Tioga,PA,663,44187
Stevens,MN,189,54206
Missaukee,MI,283,41061
Jefferson,MT,116,60863
New Kent,VA,360,70618
Faribault,MN,192,44264
Kittitas,WA,1436,42982
Douglas,NV,888,60100
Windsor,VT,1179,52460
Adams,WI,607,44897
Adams,PA,1343,59492
Nelson,KY,781,43833
Nemaha,NE,45,42672
Daniels,MT,7,46100
Bandera,TX,145,49215
Hanover,VA,1333,75070
Cheyenne,KS,39,37875
Carter,MO,51,30962
Gaines,TX,226,52910
Waushara,WI,474,43070
Benton,OR,1956,48604
Martin,KY,129,26261
Buffalo,NE,1145,50963
Parmer,TX,94,44943
Dawes,NE,189,40359
Rice,KS,118,45336
Frederick,VA,1743,68424
Scott,MN,2674,86112
Sac,IA,77,48093
Tripp,SD,31,39324
Sweet Grass,MT,55,45938
Waupaca,WI,1192,50822
Cheboygan,MI,525,38410
Cedar,IA,192,58088
Sherburne,MN,1597,73098
Wadena,MN,121,36928
Kendall,TX,649,73410
Phelps,NE,172,50000
Gove,KS,23,44866
Franklin,VA,925,45624
Washington,IN,83,41986
Westmoreland,VA,237,49157
Watonwan,MN,161,49698
Brewster,TX,141,40477
Turner,SD,57,51925
Poquoson City,VA,182,81892
Whitman,WA,762,36257
Clarke,IA,158,43216
Gogebic,MI,297,34252
Jackson,WI,392,44149
Coos,NH,544,41985
Gallatin,KY,124,43793
Grayson,VA,203,30710
Clay,MO,3062,60936
Brooke,WV,348,42493
Alleghany,VA,271,44848
Portage,WI,1270,50996
Porter,IN,3311,62794
Effingham,IL,656,52108
Lynn,TX,102,44375
Madison,MO,236,35870
Wayne,MO,150,33159
Ocean,NJ,11914,61136
Clackamas,OR,9834,64352
Saline,NE,302,44109
Albemarle,VA,1905,67725
Gilmer,WV,59,38442
Republic,KS,58,39572
Lincoln,MS,608,36498
Lafayette,MO,706,50527
Lincoln,MN,26,47861
Chouteau,MT,28,40070
Monroe,MO,100,40657
Hodgeman,KS,26,52375
Bucks,PA,13035,76555
Tipton,IN,292,52686
Wythe,VA,310,41275
Rockwall,TX,1470,86119
Monroe,WI,1176,49774
Nelson,VA,268,48789
Boundary,ID,158,37003
Stevens,WA,964,41742
Sioux,IA,205,57227
Wilson,TX,665,64571
Greene,VA,274,59358
Bonner,ID,1006,41414
Platte,MO,984,67721
Otter Tail,MN,987,48961
Fayette,TX,306,48015
Barron,WI,650,44054
Trego,KS,42,45714
Carroll,KY,183,40160
Randolph,IL,289,47427
Grant,MN,102,50030
Chase,NE,39,45610
Wyoming,PA,428,48482
Red Willow,NE,289,42345
Gray,KS,59,57808
Castro,TX,233,36402
Norton City,VA,219,39416
James City,VA,1037,76960
Logan,OK,813,53591
Douglas,WA,885,51908
Stephenson,IL,1183,43472
Pickett,TN,68,35184
Hendricks,IN,1921,68297
Martin,MN,336,48530
Centre,PA,2375,50336
Lee,IL,665,50060
Texas,MO,613,36082
Scott,VA,420,38355
Armstrong,PA,703,45241
Rosebud,MT,56,48789
Perry,KY,414,33528
Grayson,KY,389,32399
Mellette,SD,19,35109
Adair,KY,121,32524
Pendleton,KY,223,45480
Todd,KY,159,41541
Camas,ID,10,41154
Doddridge,WV,46,34817
Worth,MO,42,39348
Warren,VA,912,61610
Craig,OK,220,39236
Coahoma,MS,952,26407
Oldham,TX,28,48929
Gloucester,VA,726,60519
Montgomery,MS,44,30466
Cass,NE,518,64697
Schuyler,IL,69,48138
Sheridan,WY,543,52008
Nicollet,MN,603,60115
Franklin,TX,115,45523
Mercer,KY,295,45396
Clay,KY,170,21883
Atoka,OK,269,37012
Jackson,SD,11,46224
Bergen,NJ,12280,83794
Steele,MN,769,56480
Attala,MS,155,31641
Douglas,MN,563,50905
Crawford,PA,1516,42504
Madison,MS,1456,59904
Greenbrier,WV,544,37895
King George,VA,377,81753
Hubbard,MN,477,45961
Presque Isle,MI,136,39652
Kearney,NE,198,56466
Cherokee,GA,3338,67261
Edmonson,KY,102,37646
Madison,MT,67,47762
Davis,UT,6869,69707
Penobscot,ME,4782,43734
Dodge,NE,910,48626
Northumberland,VA,73,51342
Effingham,GA,613,63030
Mathews,VA,132,55192
Jefferson,OR,546,43373
Marion,KY,281,38719
Rockbridge,VA,390,48313
Washington,WI,2392,66159
Leon,TX,243,44452
Real,TX,20,33885
Orange,VA,408,60287
Jefferson,IA,310,48814
Cheyenne,NE,112,51529
Laurel,KY,1034,36570
Norton,KS,77,46029
Shawano,WI,891,46559
Falls Church City,VA,223,120000
Jeff Davis,TX,10,49056
Giles,VA,307,45141
Livingston,MI,2270,72359
Botetourt,VA,318,65935
Hamilton,NE,144,56065
Fall River,SD,31,37667
Fairfax City,VA,469,97242
Lincoln,WA,209,47195
Dickens,TX,15,38401
Traverse,MN,41,45714
Carroll,VA,505,32853
King William,VA,164,62670
Hughes,OK,188,34619
Union,KY,147,39125
Keith,NE,146,41970
Butler,KY,126,35430
Prince George,VA,507,63074
Bledsoe,TN,117,33443
Livingston,KY,109,40313
Forsyth,GA,2029,86569
Houston,MN,152,52545
Madison,NE,930,46566
Kossuth,IA,127,51812
Allamakee,IA,141,48831
Stark,IL,75,54203
Ripley,IN,459,47537
Loudoun,VA,4301,122238
Aroostook,ME,1288,37855
Charles City,VA,18,48428
Bear Lake,ID,102,44964
Jones,GA,586,51497
Dickenson,VA,222,33318
Potter,SD,3,44556
Crook,WY,149,53237
Union,GA,315,40009
Crosby,TX,52,38187
Madison,VA,169,53459
Bristol,RI,772,71238
Carson,TX,60,65026
Rankin,MS,2157,57380
Nance,NE,29,44286
Ottawa,KS,111,58396
Teton,MT,59,43327
Rush,IN,505,47401
Sterling,TX,3,50543
Winona,MN,764,47468
San Juan,WA,230,53376
Fauquier,VA,817,88409
Pepin,WI,92,47701
Sanpete,UT,393,48369
Becker,MN,341,50214
Kimball,NE,29,42180
Harlan,KY,262,25906
Curry,OR,422,39516
Pike,MO,326,39850
Andrew,MO,169,54336
Rappahannock,VA,22,56438
Blackford,IN,276,39225
Madison,ID,343,32059
Warren,NJ,1762,70912
Chisago,MN,662,67157
Glasscock,TX,14,69107
Lamoille,VT,423,52686
Fairfax,VA,16586,110292
Price,WI,228,42644
Elk,PA,702,45767
Harding,SD,1,44353
Clearwater,MN,104,43269
Gillespie,TX,363,53668
Hancock,GA,127,25000
Clayton,IA,74,47494
Martin,IN,117,44740
Lawrence,IL,146,40145
Ralls,MO,215,47969
Fayette,GA,1631,79977
Bosque,TX,210,44742
Newton,IN,218,50262
Franklin,ID,118,44962
Stone,MS,134,42963
Greeley,KS,5,52847
Cottonwood,MN,154,45294
Roseau,MN,140,50759
Meade,SD,269,49324
Thayer,NE,84,44422
Rooks,KS,41,42449
Dodge,WI,1446,53075
Forest,WI,218,39963
Hancock,ME,1100,47460
Hancock,WV,316,38522
Rockingham,VA,791,52195
Knox,ME,846,49755
Winnebago,IA,55,45603
Knox,KY,433,24038
Cumberland,PA,4057,60826
Beaverhead,MT,85,41614
Sutton,TX,32,53806
Montmorency,MI,52,35261
Guthrie,IA,60,50609
Buena Vista City,VA,65,36591
Monroe,MS,507,36308
Clay,IN,282,46430
Benzie,MI,184,47366
Emery,UT,199,52763
Wahkiakum,WA,23,41815
Custer,NE,118,44873
Harrison,IN,520,50510
Goochland,VA,228,80976
Fulton,IN,138,40168
Scotts Bluff,NE,863,43444
Pope,MN,96,52350
Morrison,MN,410,47649
Tallahatchie,MS,81,29853
Green,WI,709,55584
Wayne,KY,241,29497
Daviess,MO,103,42393
Lancaster,VA,139,49248
Door,WI,346,50438
Green,KY,79,34406
Utah,UT,10533,60196
Union,PA,524,48528
O'Brien,IA,142,48185
Nicholas,KY,56,43081
Platte,NE,657,51213
Murray,MN,50,52160
Morris,NJ,5555,98633
Weston,WY,96,55461
Clatsop,OR,828,44683
Hitchcock,NE,25,39702
Deuel,SD,36,51632
Yellow Medicine,MN,52,52510
Iroquois,IL,423,47079
Lee,KY,63,22920
Schuyler,MO,30,34688
St. Croix,WI,1311,68426
Juniata,PA,238,46163
Perkins,NE,13,58625
Davis,IA,25,45040
Johnson,KY,234,34090
Audubon,IA,27,48313
Nuckolls,NE,24,37594
Washington,MN,6063,81540
Trempealeau,WI,318,49143
Moultrie,IL,120,46622
Hamlin,SD,52,55563
Pendleton,WV,58,34175
Adair,IA,78,47892
Jefferson,ID,183,52023
Somerset,NJ,4719,99020
Tishomingo,MS,124,32592
Woods,OK,114,51619
Houghton,MI,515,35430
Marquette,WI,241,46077
Osage,MO,149,51408
Grundy,IL,1058,64541
Clay,GA,4,21192
Hancock,IN,816,62981
Fluvanna,VA,230,68288
Holmes,MS,34,22325
Meade,KY,245,46756
Middlesex,VA,62,53309
Grundy,IA,82,56827
Chickasaw,IA,84,43971
Carroll,IN,341,50542
Rowan,KY,320,35236
Moore,TN,93,46170
Lee,MS,868,42074
Hickman,KY,34,34029
Wright,MN,2422,71598
Carver,MN,1155,83773
Tattnall,GA,425,37587
Throckmorton,TX,6,39286
Casey,KY,115,29934
Amite,MS,10,30750
Antelope,NE,18,43518
Waukesha,WI,5250,75850
Pike,GA,125,53865
Dubois,IN,292,54780
Washington,RI,2128,72138
Scotland,MO,86,39028
Burt,NE,39,46817
Hudspeth,TX,32,22545
Webster,MS,41,33524
Lincoln,WY,143,64205
Breckinridge,KY,87,38907
Addison,VT,581,57565
Treutlen,GA,80,37894
Ringgold,IA,13,44551
Garrard,KY,169,44652
Lewis,MO,133,42071
Washakie,WY,52,47104
Custer,SD,38,50074
Cumberland,KY,54,31593
Brunswick,VA,159,36293
Noble,IN,675,47117
Orange,VT,475,52480
Hanson,SD,5,55815
Woodford,IL,408,66639
Jackson,MN,107,51681
Teton,ID,62,53931
Johnson,NE,26,42364
Parke,IN,48,43870
Green Lake,WI,344,46994
Juab,UT,188,55247
Floyd,VA,154,44618
Somervell,TX,114,55269
Sussex,NJ,1894,87335
Sagadahoc,ME,795,56733
Hancock,MS,413,44522
Columbia,GA,2684,69306
Lawrence,KY,146,33525
Spencer,KY,158,65209
Russell,KY,168,29721
Powell,KY,183,26839
Harney,OR,185,38113
Bedford,VA,828,57596
Sarpy,NE,2693,69965
Harrison,IA,172,54583
Copiah,MS,140,35421
Tillamook,OR,555,43676
Anderson,KY,180,52646
Jackson,WV,261,40376
Tippah,MS,116,34636
Dearborn,IN,601,56946
Hancock,IA,38,50105
Crittenden,KY,110,34261
Ozaukee,WI,954,75457
Waldo,ME,729,42221
Powhatan,VA,255,76548
Edwards,TX,27,43839
Taylor,WV,55,39536
Marinette,WI,1109,40490
Fillmore,MN,133,50657
Lamar,MS,1062,51154
Knox,IN,977,42119
Pearl River,MS,543,42510
Grant,KY,285,46159
Cache,UT,2007,49506
Plymouth,IA,255,58888
Cass,IN,1288,41940
Greene,IN,414,43980
Sullivan,IN,344,43510
George,MS,163,43958
Deuel,NE,27,44922
Gilliam,OR,18,44743
Armstrong,TX,29,61635
Leake,MS,60,32521
Lewis,ID,34,36000
Stewart,GA,23,23451
Gosper,NE,33,45893
Benton,IA,290,56669
Washington,KY,72,40845
York,NE,273,49633
Isanti,MN,610,57353
Pittsylvania,VA,680,42143
Vernon,WI,285,45488
Lincoln,KY,188,33651
Richardson,NE,50,38582
Knox,MO,43,34481
Dawson,GA,388,53525
Keokuk,IA,21,42167
Muhlenberg,KY,218,38105
Oldham,KY,691,83391
Carter,KY,210,36406
Warren,IN,5,52317
Bracken,KY,156,39196
Crawford,IN,128,39700
Carroll,IL,228,47985
Seward,NE,153,59435
Jefferson,OK,54,34701
Amherst,VA,557,44945
Greenup,KY,290,44060
Lake,MN,63,46939
Magoffin,KY,47,26877
Menominee,WI,61,33333
Marion,GA,80,33301
Llano,TX,418,44094
Perry,IN,191,47596
Cedar,NE,38,48038
Morgan,IN,1395,55354
Kingfisher,OK,181,54666
Platte,WY,93,45512
Stanton,KS,3,46382
Trimble,KY,21,49718
Putnam,IN,242,50821
Shelby,IL,164,47188
Highland,VA,6,49625
Jasper,IN,294,57500
Monroe,IL,268,68482
Shelby,IN,1164,51440
Kittson,MN,24,48875
Grant,OK,56,46625
Culberson,TX,8,37105
Ogle,IL,455,54541
Kewaunee,WI,271,53588
Steuben,IN,1030,48080
Lewis,KY,88,28388
Bath,VA,29,51365
Le Sueur,MN,310,58922
Hart,KY,71,33408
Spencer,IN,23,52991
Grand Isle,VT,79,59509
Miner,SD,9,48477
Henry,IN,1909,40679
Whitley,IN,215,51914
Hutchinson,SD,22,42451
Wabasha,MN,205,53057
Faulk,SD,3,41453
Wasatch,UT,230,65050
Lake,SD,97,48936
Floyd,KY,229,30476
Dickinson,IA,161,56136
Marion,KS,104,45830
Morrill,NE,58,43886
Wood,WI,1678,47685
Union,SD,116,63468
Washington,ID,54,37453
Crawford,IA,57,46548
Carlisle,KY,51,39049
Kiowa,KS,35,44650
Pleasants,WV,406,41859
Renville,MN,127,50802
Allen,KY,174,40008
Elliott,KY,18,24246
Posey,IN,441,58750
Kemper,MS,49,29003
Madison,IA,141,57581
Carroll,IA,138,48361
Cook,MN,175,52215
Dickinson,MI,77,44136
Clay,TX,87,53776
Buchanan,IA,140,55553
Jim Hogg,TX,8,36121
Lincoln,NV,73,40143
Letcher,KY,139,31200
Otoe,NE,271,50881
Pike,KY,621,32961
Monroe,KY,21,29808
Mitchell,IA,99,51078
Clay,IL,247,40640
Webster,GA,43,35718
Hunterdon,NJ,1151,106143
Wayne,UT,17,41458
Clay,IA,280,49035
Butler,NE,51,50247
Rockcastle,KY,162,30674
Dewey,SD,9,30710
Lafayette,WI,210,49107
Washington,KS,11,42515
Lyon,KY,91,40112
Ziebach,SD,9,32708
Franklin,IN,231,49516
Boone,IN,792,67255
Washington,NE,133,65409
Hancock,KY,34,51189
Putnam,IL,63,54196
Fleming,KY,101,32495
Stevens,KS,15,54494
Taylor,WI,230,44869
Jones,IA,137,55041
Edwards,KS,32,46551
Hamilton,IN,3096,82468
Humphreys,MS,14,23600
Saunders,NE,216,59870
Montgomery,GA,17,32702
Uinta,WY,389,58515
Appomattox,VA,138,50167
Vilas,WI,247,40833
Upshur,WV,400,39381
Franklin,NE,18,43011
Wayne,NE,27,52147
Marshall,MN,14,52198
Salem City,VA,590,48733
Howard,IA,99,46429
Schleicher,TX,16,50648
Humboldt,IA,88,47897
Brookings,SD,160,46896
Calhoun,IA,21,44484
Webster,KY,55,41415
Upton,TX,18,51750
Shackelford,TX,33,47277
Wallowa,OR,54,41994
Holt,NE,47,44427
Bond,IL,236,48163
Winneshiek,IA,106,53122
Switzerland,IN,9,44143
Richland,WI,83,45271
Pierce,NE,37,51924
Reagan,TX,20,61250
Estill,KY,104,29184
Wolfe,KY,44,22574
Webster,NE,35,41045
Mercer,MO,21,40272
Smith,KS,7,45556
Adams,ID,17,35434
Henry,KY,76,46016
Lafayette,MS,502,43328
Wells,IN,598,48136
Pike,IL,65,39845
Mason,TX,32,46865
Corson,SD,25,30880
Fountain,IN,51,45884
Brown,MN,259,48256
Custer,ID,31,39541
Randolph,IN,483,40904
Mineral,MT,6,33033
Oneida,ID,27,40842
Adams,IN,139,46695
Leelanau,MI,112,55018
Morgan,KY,38,30658
Jackson,KY,66,26156
Cuming,NE,26,47500
Greene,IA,29,45865
Union,MS,278,38373
Pipestone,MN,68,46019
Owsley,KY,31,19986
Oconto,WI,803,51615
Greene,MS,30,36888
Mills,TX,45,44213
Metcalfe,KY,78,31750
Clinton,KY,26,27100
Morgan,UT,48,80337
Owen,IN,12,43950
Knott,KY,60,33889
Owen,KY,101,41009
Leslie,KY,18,29293
Perry,MS,27,36124
Stanton,NE,66,51493
Cotton,OK,31,46317
Taylor,IA,20,43804
Menifee,KY,43,29108
Menard,IL,82,58190
Wayne,IA,17,40024
Buffalo,WI,35,47384
Bland,VA,70,42139
Breathitt,KY,59,24045
Lexington City,VA,91,36505
Presidio,TX,24,29634
Grant,OR,56,35051
Brown,IN,89,51568
Wabash,IN,149,45286
Decatur,IA,3,36326
Crawford,WI,194,42235
Knox,NE,32,42230
Richmond,VA,67,47083
Hickory,MO,138,29325
Hancock,IL,239,43925
Jefferson,IN,22,43795
Shelby,IA,5,48783
Bath,KY,23,30797
Boone,IL,93,60893
Newton,TX,67,37246
Baker,OR,77,41500
Jasper,MS,12,31170
Fayette,IN,9,37391
Haakon,SD,0,47198
Day,SD,0,39761
Grant,NE,0,44167
Sibley,MN,0,54017
Boyd,NE,0,41279
Robertson,KY,0,31786
Liberty,MT,0,44493
Quitman,MS,0,22863
Douglas,SD,0,49200
Thomas,NE,0,55089
Valley,NE,0,40445
Petroleum,MT,0,41705
Kingsbury,SD,0,51373
Hyde,SD,0,47813
Jones,SD,0,44808
Grant,SD,0,48896
Lyman,SD,0,47596
Sioux,NE,0,42014
Smith,MS,0,34753
Collingsworth,TX,0,41576
Gregory,SD,0,36719
Clarke,MS,0,31362
Norman,MN,0,45389
Buffalo,SD,0,30962
Calhoun,MS,0,30000
Harlan,NE,0,45920
Greeley,NE,0,44950
Benton,MS,0,31060
Treasure,MT,0,37105
Garfield,NE,0,41892
Mora,NM,0,28481
Loup,NE,0,38125
Kalawao,HI,0,59375
Garfield,UT,0,45357
Fremont,IA,0,50520
Alcorn,MS,0,33600
Harding,NM,0,34063
Frontier,NE,0,50227
Dundy,NE,0,47431
Arthur,NE,0,40568
Blaine,NE,0,42917
Colfax,NE,0,51765
Jewell,KS,0,39884
Carroll,MS,0,31039
Hayes,NE,0,49125
Keya Paha,NE,0,36923
Boone,NE,0,45246
Gallatin,IL,0,40330
Powder River,MT,0,46250
King,TX,0,65000
Wayne,MS,0,29925
Sharkey,MS,0,35125
Wilkinson,MS,0,33618
Glascock,GA,0,37760
Logan,NE,0,44417
Clay,NE,0,46784
Issaquena,MS,0,24767
Howard,NE,0,49088
Yalobusha,MS,0,32930
Hooker,NE,0,39327
Jenkins,GA,0,26104
Calhoun,IL,0,50436
Pope,IL,0,38371
Lincoln,KS,41,40811
Sanborn,SD,0,48384
Harper,OK,26,46117
Daggett,UT,26,46917
Motley,TX,26,35845
Piute,UT,26,38500
Fallon,MT,25,51164
Sherman,NE,24,41835
Pawnee,NE,24,37321
Chattahoochee,GA,24,48758
Coke,TX,23,40795
Aurora,SD,17,46667
Scott,IL,35,49669
Elk,KS,35,34089
Putnam,MO,35,36713
Granite,MT,52,45236
Hardeman,TX,113,36377
Toole,MT,100,46972
Noxubee,MS,96,24338
Merrick,NE,60,50859
Prentiss,MS,60,32503
Garza,TX,56,47540
Big Stone,MN,54,46313
Covington,MS,51,33381
Jefferson,NE,48,44843
Essex,VT,47,35916
Echols,GA,46,31375
Gentry,MO,46,39192
Hamilton,IL,44,38417
Polk,NE,42,52848
Brown,NE,39,33647
Butler,IA,16,52026
Clark,SD,12,49055
Crockett,TX,0,50475
Lipscomb,TX,12,57978
Red Lake,MN,2,47569
Wheeler,NE,2,38807
Bon Homme,SD,2,40980
Loving,TX,2,68750
Carter,MT,2,39659
Banner,NE,1,36875
Fillmore,NE,1,48464
Garfield,MT,1,45096
Sully,SD,1,54524
Edmunds,SD,1,49831
Garden,NE,1,39400
Thurston,NE,1,41400
Union,IN,1,44161
Todd,SD,0,31934
Kinney,TX,3,33257
Furnas,NE,3,39603
Wibaux,MT,3,41875
Osceola,IA,12,48659
Sherman,TX,12,48185
Perkins,SD,11,38362
Campbell,SD,9,35729
Clark,ID,8,33200
Briscoe,TX,3,36250
Box Butte,NE,5,46373
Cottle,TX,5,34639
Ohio,IN,4,50377
Newton,MS,5,39190
Jerauld,SD,5,46591
Cimarron,OK,3,38301
Lawrence,MS,0,38393
