total_violent_crime,household_income,"County,State"
7287,55149,"Kent,DE"
21182,64537,"New Castle,DE"
7515,52710,"Sussex,DE"
10164,42149,"Alachua,FL"
361,49236,"Baker,FL"
8281,47461,"Bay,FL"
676,40259,"Bradford,FL"
19686,48039,"Brevard,FL"
75839,51251,"Broward,FL"
134,32780,"Calhoun,FL"
3913,44378,"Charlotte,FL"
3304,39100,"Citrus,FL"
5118,59482,"Clay,FL"
6376,55843,"Collier,FL"
2627,38070,"Columbia,FL"
496,33981,"Dixie,FL"
42674,48323,"Duval,FL"
16993,43918,"Escambia,FL"
2205,47233,"Flagler,FL"
318,38328,"Franklin,FL"
1394,35380,"Gadsden,FL"
280,38406,"Gilchrist,FL"
233,34694,"Glades,FL"
338,40455,"Gulf,FL"
387,37716,"Hamilton,FL"
812,37125,"Hardee,FL"
1534,35425,"Hendry,FL"
5150,41024,"Hernando,FL"
2747,35560,"Highlands,FL"
35178,49596,"Hillsborough,FL"
298,35511,"Holmes,FL"
4222,44772,"Indian River,FL"
1058,36809,"Jackson,FL"
266,44170,"Jefferson,FL"
95,39722,"Lafayette,FL"
8334,45035,"Lake,FL"
17301,47439,"Lee,FL"
12918,46369,"Leon,FL"
1071,34348,"Levy,FL"
66,39681,"Liberty,FL"
644,33833,"Madison,FL"
12841,47876,"Manatee,FL"
8943,39453,"Marion,FL"
3631,49846,"Martin,FL"
130943,43100,"Miami-Dade,FL"
3728,53607,"Monroe,FL"
1543,55315,"Nassau,FL"
5930,54684,"Okaloosa,FL"
1586,34570,"Okeechobee,FL"
58250,47581,"Orange,FL"
10595,43891,"Osceola,FL"
50743,52432,"Palm Beach,FL"
14805,43888,"Pasco,FL"
38929,45535,"Pinellas,FL"
21348,43113,"Polk,FL"
3589,32497,"Putnam,FL"
2498,57703,"Santa Rosa,FL"
12283,49052,"Sarasota,FL"
11644,58175,"Seminole,FL"
5204,64876,"St. Johns,FL"
8092,43413,"St. Lucie,FL"
1078,48493,"Sumter,FL"
921,35698,"Suwannee,FL"
453,36356,"Taylor,FL"
194,42660,"Union,FL"
19402,42457,"Volusia,FL"
783,52691,"Wakulla,FL"
1646,43640,"Walton,FL"
471,38501,"Washington,FL"
628,36786,"Appling,GA"
248,30049,"Atkinson,GA"
205,33757,"Bacon,GA"
37,27353,"Baker,GA"
1677,32751,"Baldwin,GA"
621,41141,"Banks,GA"
1988,53274,"Barrow,GA"
4283,47197,"Bartow,GA"
599,28547,"Ben Hill,GA"
472,32258,"Berrien,GA"
10407,37550,"Bibb,GA"
392,36073,"Bleckley,GA"
386,36070,"Brantley,GA"
566,34419,"Brooks,GA"
656,64707,"Bryan,GA"
2465,35840,"Bulloch,GA"
784,31494,"Burke,GA"
624,49754,"Butts,GA"
122,26986,"Calhoun,GA"
1656,51990,"Camden,GA"
228,35070,"Candler,GA"
3813,46147,"Carroll,GA"
2049,47087,"Catoosa,GA"
213,40111,"Charlton,GA"
11206,45794,"Chatham,GA"
24,48758,"Chattahoochee,GA"
535,33228,"Chattooga,GA"
3338,67261,"Cherokee,GA"
5421,33060,"Clarke,GA"
4,21192,"Clay,GA"
14735,40606,"Clayton,GA"
285,30345,"Clinch,GA"
18660,63920,"Cobb,GA"
2182,35693,"Coffee,GA"
1906,32484,"Colquitt,GA"
2684,69306,"Columbia,GA"
386,34985,"Cook,GA"
2920,60813,"Coweta,GA"
491,41586,"Crawford,GA"
1477,35240,"Crisp,GA"
291,43205,"Dade,GA"
388,53525,"Dawson,GA"
1149,30619,"Decatur,GA"
1013,37292,"Dodge,GA"
210,29012,"Dooly,GA"
6588,31671,"Dougherty,GA"
4532,52691,"Douglas,GA"
374,28853,"Early,GA"
46,31375,"Echols,GA"
613,63030,"Effingham,GA"
835,35817,"Elbert,GA"
1253,32046,"Emanuel,GA"
173,36788,"Evans,GA"
585,34239,"Fannin,GA"
1631,79977,"Fayette,GA"
4125,40821,"Floyd,GA"
2029,86569,"Forsyth,GA"
556,34830,"Franklin,GA"
58073,56857,"Fulton,GA"
613,39140,"Gilmer,GA"
0,37760,"Glascock,GA"
4347,46407,"Glynn,GA"
1702,40926,"Gordon,GA"
535,30571,"Grady,GA"
500,42565,"Greene,GA"
20997,60445,"Gwinnett,GA"
939,39306,"Habersham,GA"
4671,50853,"Hall,GA"
127,25000,"Hancock,GA"
1009,39993,"Haralson,GA"
405,69223,"Harris,GA"
986,35615,"Hart,GA"
193,39909,"Heard,GA"
6403,60781,"Henry,GA"
6059,54893,"Houston,GA"
293,40771,"Irwin,GA"
1343,53179,"Jackson,GA"
233,42192,"Jasper,GA"
554,36296,"Jeff Davis,GA"
394,26968,"Jefferson,GA"
0,26104,"Jenkins,GA"
202,36722,"Johnson,GA"
586,51497,"Jones,GA"
560,41016,"Lamar,GA"
244,39452,"Lanier,GA"
2109,34793,"Laurens,GA"
724,60104,"Lee,GA"
2415,43832,"Liberty,GA"
249,35625,"Lincoln,GA"
330,42651,"Long,GA"
3727,37365,"Lowndes,GA"
539,43775,"Lumpkin,GA"
627,30240,"Macon,GA"
801,42549,"Madison,GA"
80,33301,"Marion,GA"
707,37333,"Meriwether,GA"
135,32260,"Miller,GA"
630,32054,"Mitchell,GA"
565,48630,"Monroe,GA"
17,32702,"Montgomery,GA"
445,47729,"Morgan,GA"
958,34888,"Murray,GA"
12348,41339,"Muscogee,GA"
3229,50580,"Newton,GA"
531,75004,"Oconee,GA"
505,45729,"Oglethorpe,GA"
3200,61837,"Paulding,GA"
1200,39844,"Peach,GA"
682,51383,"Pickens,GA"
435,39067,"Pierce,GA"
125,53865,"Pike,GA"
2106,39208,"Polk,GA"
294,41550,"Pulaski,GA"
623,44764,"Putnam,GA"
57,31068,"Quitman,GA"
385,35423,"Rabun,GA"
121,30023,"Randolph,GA"
12940,37749,"Richmond,GA"
3623,52579,"Rockdale,GA"
60,38425,"Schley,GA"
398,34848,"Screven,GA"
218,30521,"Seminole,GA"
3597,41534,"Spalding,GA"
1012,37898,"Stephens,GA"
23,23451,"Stewart,GA"
1845,33796,"Sumter,GA"
121,32424,"Talbot,GA"
61,25465,"Taliaferro,GA"
425,37587,"Tattnall,GA"
141,27455,"Taylor,GA"
278,26634,"Telfair,GA"
184,32628,"Terrell,GA"
1953,34035,"Thomas,GA"
2189,34591,"Tift,GA"
957,31189,"Toombs,GA"
210,36570,"Towns,GA"
80,37894,"Treutlen,GA"
2985,41161,"Troup,GA"
277,28326,"Turner,GA"
180,31234,"Twiggs,GA"
315,40009,"Union,GA"
955,35329,"Upson,GA"
2080,39963,"Walker,GA"
2960,52369,"Walton,GA"
1794,34572,"Ware,GA"
130,27796,"Warren,GA"
569,33652,"Washington,GA"
1832,35830,"Wayne,GA"
43,35718,"Webster,GA"
103,24382,"Wheeler,GA"
718,40670,"White,GA"
3308,40471,"Whitfield,GA"
140,32928,"Wilcox,GA"
234,28983,"Wilkes,GA"
163,36173,"Wilkinson,GA"
670,35792,"Worth,GA"
5818,51250,"Hawaii,HI"
31991,72764,"Honolulu,HI"
0,59375,"Kalawao,HI"
2813,62052,"Kauai,HI"
6487,63512,"Maui,HI"
78,47892,"Adair,IA"
64,45871,"Adams,IA"
141,48831,"Allamakee,IA"
435,39208,"Appanoose,IA"
27,48313,"Audubon,IA"
290,56669,"Benton,IA"
4217,45747,"Black Hawk,IA"
443,51826,"Boone,IA"
245,61216,"Bremer,IA"
140,55553,"Buchanan,IA"
386,46951,"Buena Vista,IA"
16,52026,"Butler,IA"
21,44484,"Calhoun,IA"
138,48361,"Carroll,IA"
235,43481,"Cass,IA"
192,58088,"Cedar,IA"
1754,44795,"Cerro Gordo,IA"
130,48977,"Cherokee,IA"
84,43971,"Chickasaw,IA"
158,43216,"Clarke,IA"
280,49035,"Clay,IA"
74,47494,"Clayton,IA"
1680,49559,"Clinton,IA"
57,46548,"Crawford,IA"
1191,73847,"Dallas,IA"
25,45040,"Davis,IA"
3,36326,"Decatur,IA"
136,54076,"Delaware,IA"
1680,42451,"Des Moines,IA"
161,56136,"Dickinson,IA"
2293,51475,"Dubuque,IA"
153,48601,"Emmet,IA"
261,45542,"Fayette,IA"
213,43826,"Floyd,IA"
81,48355,"Franklin,IA"
0,50520,"Fremont,IA"
29,45865,"Greene,IA"
82,56827,"Grundy,IA"
60,50609,"Guthrie,IA"
318,43589,"Hamilton,IA"
38,50105,"Hancock,IA"
348,49342,"Hardin,IA"
172,54583,"Harrison,IA"
367,46376,"Henry,IA"
99,46429,"Howard,IA"
88,47897,"Humboldt,IA"
100,43449,"Ida,IA"
198,58008,"Iowa,IA"
323,46467,"Jackson,IA"
823,50513,"Jasper,IA"
310,48814,"Jefferson,IA"
3254,53424,"Johnson,IA"
137,55041,"Jones,IA"
21,42167,"Keokuk,IA"
127,51812,"Kossuth,IA"
1205,42469,"Lee,IA"
6324,57260,"Linn,IA"
110,50583,"Louisa,IA"
263,43288,"Lucas,IA"
114,52152,"Lyon,IA"
141,57581,"Madison,IA"
398,47967,"Mahaska,IA"
268,54723,"Marion,IA"
1159,51555,"Marshall,IA"
413,63076,"Mills,IA"
99,51078,"Mitchell,IA"
134,42025,"Monona,IA"
151,45997,"Monroe,IA"
180,44281,"Montgomery,IA"
1241,51425,"Muscatine,IA"
142,48185,"O'Brien,IA"
12,48659,"Osceola,IA"
405,43010,"Page,IA"
117,44663,"Palo Alto,IA"
255,58888,"Plymouth,IA"
86,44073,"Pocahontas,IA"
16665,59018,"Polk,IA"
5881,51304,"Pottawattamie,IA"
284,50349,"Poweshiek,IA"
13,44551,"Ringgold,IA"
77,48093,"Sac,IA"
5638,52735,"Scott,IA"
5,48783,"Shelby,IA"
205,57227,"Sioux,IA"
2180,50516,"Story,IA"
191,51670,"Tama,IA"
20,43804,"Taylor,IA"
169,44838,"Union,IA"
77,43181,"Van Buren,IA"
1207,41425,"Wapello,IA"
802,62535,"Warren,IA"
253,54554,"Washington,IA"
17,40024,"Wayne,IA"
1509,41624,"Webster,IA"
55,45603,"Winnebago,IA"
106,53122,"Winneshiek,IA"
4093,45856,"Woodbury,IA"
123,50476,"Worth,IA"
180,45205,"Wright,IA"
9076,55210,"Ada,ID"
17,35434,"Adams,ID"
2382,43534,"Bannock,ID"
102,44964,"Bear Lake,ID"
104,39049,"Benewah,ID"
827,47941,"Bingham,ID"
271,64042,"Blaine,ID"
171,41056,"Boise,ID"
1006,41414,"Bonner,ID"
2603,50872,"Bonneville,ID"
158,37003,"Boundary,ID"
6,41131,"Butte,ID"
10,41154,"Camas,ID"
4447,42105,"Canyon,ID"
47,53586,"Caribou,ID"
389,42039,"Cassia,ID"
8,33200,"Clark,ID"
171,40134,"Clearwater,ID"
31,39541,"Custer,ID"
387,42842,"Elmore,ID"
118,44962,"Franklin,ID"
128,44520,"Fremont,ID"
145,44432,"Gem,ID"
280,37050,"Gooding,ID"
159,37349,"Idaho,ID"
183,52023,"Jefferson,ID"
416,40126,"Jerome,ID"
5005,49002,"Kootenai,ID"
903,41735,"Latah,ID"
61,34122,"Lemhi,ID"
34,36000,"Lewis,ID"
21,42433,"Lincoln,ID"
343,32059,"Madison,ID"
371,43266,"Minidoka,ID"
1467,46503,"Nez Perce,ID"
27,40842,"Oneida,ID"
164,32175,"Owyhee,ID"
483,43649,"Payette,ID"
115,44212,"Power,ID"
282,38440,"Shoshone,ID"
62,53931,"Teton,ID"
1818,43886,"Twin Falls,ID"
236,50473,"Valley,ID"
54,37453,"Washington,ID"
1781,45073,"Adams,IL"
407,26972,"Alexander,IL"
236,48163,"Bond,IL"
93,60893,"Boone,IL"
53,42194,"Brown,IL"
572,48977,"Bureau,IL"
0,50436,"Calhoun,IL"
228,47985,"Carroll,IL"
72,45734,"Cass,IL"
6972,45808,"Champaign,IL"
395,45145,"Christian,IL"
175,47405,"Clark,IL"
247,40640,"Clay,IL"
460,61720,"Clinton,IL"
836,37040,"Coles,IL"
202273,54548,"Cook,IL"
297,46216,"Crawford,IL"
114,43958,"Cumberland,IL"
256,52741,"Douglas,IL"
313,42133,"Edgar,IL"
75,39075,"Edwards,IL"
656,52108,"Effingham,IL"
388,44722,"Fayette,IL"
233,48866,"Ford,IL"
960,36273,"Franklin,IL"
682,45130,"Fulton,IL"
0,40330,"Gallatin,IL"
174,43502,"Greene,IL"
1058,64541,"Grundy,IL"
44,38417,"Hamilton,IL"
239,43925,"Hancock,IL"
27,37071,"Hardin,IL"
212,49389,"Henderson,IL"
871,52940,"Henry,IL"
423,47079,"Iroquois,IL"
2611,33479,"Jackson,IL"
135,52233,"Jasper,IL"
1449,42981,"Jefferson,IL"
449,53954,"Jersey,IL"
240,50817,"Jo Daviess,IL"
163,40760,"Johnson,IL"
8879,69530,"Kane,IL"
3339,50102,"Kankakee,IL"
1857,81765,"Kendall,IL"
1555,40667,"Knox,IL"
13755,77469,"Lake,IL"
146,40145,"Lawrence,IL"
665,50060,"Lee,IL"
999,54614,"Livingston,IL"
641,47133,"Logan,IL"
3420,46559,"Macon,IL"
702,49590,"Macoupin,IL"
6539,53633,"Madison,IL"
1410,41010,"Marion,IL"
129,51504,"Marshall,IL"
248,42260,"Mason,IL"
403,43615,"Massac,IL"
82,58190,"Menard,IL"
249,53136,"Mercer,IL"
268,68482,"Monroe,IL"
608,41952,"Montgomery,IL"
616,46809,"Morgan,IL"
120,46622,"Moultrie,IL"
455,54541,"Ogle,IL"
7842,50712,"Peoria,IL"
232,42078,"Perry,IL"
179,63027,"Piatt,IL"
65,39845,"Pike,IL"
0,38371,"Pope,IL"
85,33717,"Pulaski,IL"
63,54196,"Putnam,IL"
289,47427,"Randolph,IL"
338,44070,"Richland,IL"
4457,48702,"Rock Island,IL"
585,37800,"Saline,IL"
10961,55449,"Sangamon,IL"
69,48138,"Schuyler,IL"
35,49669,"Scott,IL"
164,47188,"Shelby,IL"
10391,50578,"St. Clair,IL"
75,54203,"Stark,IL"
1183,43472,"Stephenson,IL"
2908,56067,"Tazewell,IL"
269,41848,"Union,IL"
3539,41400,"Vermilion,IL"
299,47365,"Wabash,IL"
682,43536,"Warren,IL"
140,52832,"Washington,IL"
342,43605,"Wayne,IL"
382,42914,"White,IL"
1524,47667,"Whiteside,IL"
12676,76147,"Will,IL"
1244,43125,"Williamson,IL"
13373,47072,"Winnebago,IL"
408,66639,"Woodford,IL"
139,46695,"Adams,IN"
12111,49370,"Allen,IN"
2893,54165,"Bartholomew,IN"
65,48711,"Benton,IN"
276,39225,"Blackford,IN"
792,67255,"Boone,IN"
89,51568,"Brown,IN"
341,50542,"Carroll,IN"
1288,41940,"Cass,IN"
5280,50496,"Clark,IN"
282,46430,"Clay,IN"
1157,48953,"Clinton,IN"
128,39700,"Crawford,IN"
776,47165,"Daviess,IN"
601,56946,"Dearborn,IN"
161,48047,"Decatur,IN"
4126,37474,"Delaware,IN"
292,54780,"Dubois,IN"
6058,45693,"Elkhart,IN"
9,37391,"Fayette,IN"
2984,53961,"Floyd,IN"
51,45884,"Fountain,IN"
231,49516,"Franklin,IN"
138,40168,"Fulton,IN"
551,49329,"Gibson,IN"
1937,39747,"Grant,IN"
414,43980,"Greene,IN"
3096,82468,"Hamilton,IN"
816,62981,"Hancock,IN"
520,50510,"Harrison,IN"
1921,68297,"Hendricks,IN"
1909,40679,"Henry,IN"
2585,43590,"Howard,IN"
666,46148,"Huntington,IN"
2007,46501,"Jackson,IN"
294,57500,"Jasper,IN"
403,40235,"Jay,IN"
22,43795,"Jefferson,IN"
855,44128,"Jennings,IN"
4012,61231,"Johnson,IN"
977,42119,"Knox,IN"
1356,50859,"Kosciusko,IN"
20490,49035,"Lake,IN"
1072,42627,"Lawrence,IN"
4451,43120,"Madison,IN"
59476,42334,"Marion,IN"
892,45709,"Marshall,IN"
117,44740,"Martin,IN"
402,42023,"Miami,IN"
5237,40052,"Monroe,IN"
1051,46797,"Montgomery,IN"
1395,55354,"Morgan,IN"
218,50262,"Newton,IN"
675,47117,"Noble,IN"
4,50377,"Ohio,IN"
102,38826,"Orange,IN"
12,43950,"Owen,IN"
48,43870,"Parke,IN"
191,47596,"Perry,IN"
303,40680,"Pike,IN"
3311,62794,"Porter,IN"
441,58750,"Posey,IN"
213,44764,"Pulaski,IN"
242,50821,"Putnam,IN"
483,40904,"Randolph,IN"
459,47537,"Ripley,IN"
505,47401,"Rush,IN"
1122,42898,"Scott,IN"
1164,51440,"Shelby,IN"
23,52991,"Spencer,IN"
9994,44582,"St. Joseph,IN"
225,40126,"Starke,IN"
1030,48080,"Steuben,IN"
344,43510,"Sullivan,IN"
9,44143,"Switzerland,IN"
5593,44246,"Tippecanoe,IN"
292,52686,"Tipton,IN"
1,44161,"Union,IN"
6735,43540,"Vanderburgh,IN"
189,42524,"Vermillion,IN"
5563,40692,"Vigo,IN"
149,45286,"Wabash,IN"
5,52317,"Warren,IN"
1105,62351,"Warrick,IN"
83,41986,"Washington,IN"
2257,38350,"Wayne,IN"
598,48136,"Wells,IN"
322,51444,"White,IN"
215,51914,"Whitley,IN"
432,40554,"Allen,KS"
225,41713,"Anderson,KS"
543,45212,"Atchison,KS"
112,45920,"Barber,KS"
1130,44981,"Barton,KS"
554,39591,"Bourbon,KS"
221,39968,"Brown,KS"
1924,56454,"Butler,KS"
57,36815,"Chase,KS"
55,39529,"Chautauqua,KS"
724,39746,"Cherokee,KS"
39,37875,"Cheyenne,KS"
35,41129,"Clark,KS"
173,45233,"Clay,KS"
352,38534,"Cloud,KS"
109,51793,"Coffey,KS"
13,39375,"Comanche,KS"
1304,41878,"Cowley,KS"
1928,37378,"Crawford,KS"
55,39333,"Decatur,KS"
514,48890,"Dickinson,KS"
142,46512,"Doniphan,KS"
5054,49508,"Douglas,KS"
32,46551,"Edwards,KS"
35,34089,"Elk,KS"
922,43085,"Ellis,KS"
111,45865,"Ellsworth,KS"
1180,47945,"Finney,KS"
1348,51178,"Ford,KS"
647,49543,"Franklin,KS"
901,46908,"Geary,KS"
23,44866,"Gove,KS"
38,47500,"Graham,KS"
137,53213,"Grant,KS"
59,57808,"Gray,KS"
5,52847,"Greeley,KS"
83,38346,"Greenwood,KS"
24,43357,"Hamilton,KS"
127,38313,"Harper,KS"
1070,50287,"Harvey,KS"
68,52415,"Haskell,KS"
26,52375,"Hodgeman,KS"
254,54546,"Jackson,KS"
507,56875,"Jefferson,KS"
0,39884,"Jewell,KS"
12343,74717,"Johnson,KS"
75,52264,"Kearny,KS"
140,47466,"Kingman,KS"
35,44650,"Kiowa,KS"
701,40916,"Labette,KS"
19,53021,"Lane,KS"
2102,63435,"Leavenworth,KS"
41,40811,"Lincoln,KS"
186,45519,"Linn,KS"
33,41765,"Logan,KS"
1023,38981,"Lyon,KS"
104,45830,"Marion,KS"
173,44032,"Marshall,KS"
63,51000,"Meade,KS"
759,58936,"Miami,KS"
83,46667,"Mitchell,KS"
1440,39669,"Montgomery,KS"
122,47445,"Morris,KS"
45,46607,"Morton,KS"
105,47122,"Nemaha,KS"
656,42071,"Neosho,KS"
34,48800,"Ness,KS"
77,46029,"Norton,KS"
322,50205,"Osage,KS"
97,37925,"Osborne,KS"
111,58396,"Ottawa,KS"
171,44078,"Pawnee,KS"
35,43059,"Phillips,KS"
418,56854,"Pottawatomie,KS"
326,46035,"Pratt,KS"
38,43482,"Rawlins,KS"
3276,43798,"Reno,KS"
58,39572,"Republic,KS"
118,45336,"Rice,KS"
1701,43962,"Riley,KS"
41,42449,"Rooks,KS"
63,42610,"Rush,KS"
164,37111,"Russell,KS"
2726,47215,"Saline,KS"
96,50605,"Scott,KS"
26949,49865,"Sedgwick,KS"
685,50185,"Seward,KS"
8894,48451,"Shawnee,KS"
31,48674,"Sheridan,KS"
135,38634,"Sherman,KS"
7,45556,"Smith,KS"
78,43292,"Stafford,KS"
3,46382,"Stanton,KS"
15,54494,"Stevens,KS"
712,47894,"Sumner,KS"
193,48187,"Thomas,KS"
42,45714,"Trego,KS"
78,54694,"Wabaunsee,KS"
4,47454,"Wallace,KS"
11,42515,"Washington,KS"
35,53018,"Wichita,KS"
253,38917,"Wilson,KS"
73,33839,"Woodson,KS"
9201,39402,"Wyandotte,KS"
121,32524,"Adair,KY"
174,40008,"Allen,KY"
180,52646,"Anderson,KY"
179,44588,"Ballard,KY"
611,38873,"Barren,KY"
23,30797,"Bath,KY"
1039,26228,"Bell,KY"
3448,67225,"Boone,KY"
468,40933,"Bourbon,KY"
1691,40379,"Boyd,KY"
774,41473,"Boyle,KY"
156,39196,"Bracken,KY"
59,24045,"Breathitt,KY"
87,38907,"Breckinridge,KY"
1542,54836,"Bullitt,KY"
126,35430,"Butler,KY"
291,37127,"Caldwell,KY"
1129,39677,"Calloway,KY"
3362,54306,"Campbell,KY"
51,39049,"Carlisle,KY"
183,40160,"Carroll,KY"
210,36406,"Carter,KY"
115,29934,"Casey,KY"
2388,38904,"Christian,KY"
1363,45853,"Clark,KY"
170,21883,"Clay,KY"
26,27100,"Clinton,KY"
110,34261,"Crittenden,KY"
54,31593,"Cumberland,KY"
3380,46555,"Daviess,KY"
102,37646,"Edmonson,KY"
18,24246,"Elliott,KY"
104,29184,"Estill,KY"
15893,48398,"Fayette,KY"
101,32495,"Fleming,KY"
229,30476,"Floyd,KY"
1955,46071,"Franklin,KY"
153,33582,"Fulton,KY"
124,43793,"Gallatin,KY"
169,44652,"Garrard,KY"
285,46159,"Grant,KY"
551,38394,"Graves,KY"
389,32399,"Grayson,KY"
79,34406,"Green,KY"
290,44060,"Greenup,KY"
34,51189,"Hancock,KY"
2206,48687,"Hardin,KY"
262,25906,"Harlan,KY"
617,36048,"Harrison,KY"
71,33408,"Hart,KY"
1161,41940,"Henderson,KY"
76,46016,"Henry,KY"
34,34029,"Hickman,KY"
1041,40891,"Hopkins,KY"
66,26156,"Jackson,KY"
37090,46959,"Jefferson,KY"
1867,49024,"Jessamine,KY"
234,34090,"Johnson,KY"
4597,54270,"Kenton,KY"
60,33889,"Knott,KY"
433,24038,"Knox,KY"
1034,36570,"Laurel,KY"
146,33525,"Lawrence,KY"
63,22920,"Lee,KY"
18,29293,"Leslie,KY"
139,31200,"Letcher,KY"
88,28388,"Lewis,KY"
188,33651,"Lincoln,KY"
109,40313,"Livingston,KY"
503,36590,"Logan,KY"
91,40112,"Lyon,KY"
3161,42312,"Madison,KY"
47,26877,"Magoffin,KY"
281,38719,"Marion,KY"
542,43907,"Marshall,KY"
129,26261,"Martin,KY"
578,41137,"Mason,KY"
245,46756,"Meade,KY"
43,29108,"Menifee,KY"
295,45396,"Mercer,KY"
78,31750,"Metcalfe,KY"
21,29808,"Monroe,KY"
1078,37312,"Montgomery,KY"
38,30658,"Morgan,KY"
218,38105,"Muhlenberg,KY"
781,43833,"Nelson,KY"
56,43081,"Nicholas,KY"
333,40830,"Ohio,KY"
691,83391,"Oldham,KY"
101,41009,"Owen,KY"
31,19986,"Owsley,KY"
223,45480,"Pendleton,KY"
414,33528,"Perry,KY"
621,32961,"Pike,KY"
183,26839,"Powell,KY"
1598,34092,"Pulaski,KY"
0,31786,"Robertson,KY"
162,30674,"Rockcastle,KY"
320,35236,"Rowan,KY"
168,29721,"Russell,KY"
1615,61893,"Scott,KY"
948,57298,"Shelby,KY"
521,39546,"Simpson,KY"
158,65209,"Spencer,KY"
620,36384,"Taylor,KY"
159,41541,"Todd,KY"
225,45629,"Trigg,KY"
21,49718,"Trimble,KY"
147,39125,"Union,KY"
4111,44135,"Warren,KY"
72,40845,"Washington,KY"
241,29497,"Wayne,KY"
55,41415,"Webster,KY"
611,29769,"Whitley,KY"
44,22574,"Wolfe,KY"
783,57580,"Woodford,KY"
1935,31778,"Washington Parish,LA"
6780,60526,"Barnstable,MA"
3318,48450,"Berkshire,MA"
16082,55298,"Bristol,MA"
453,66288,"Dukes,MA"
17270,67311,"Essex,MA"
1479,53663,"Franklin,MA"
18478,49094,"Hampden,MA"
3569,61227,"Hampshire,MA"
28795,82090,"Middlesex,MA"
417,85478,"Nantucket,MA"
10941,84916,"Norfolk,MA"
11196,75092,"Plymouth,MA"
28468,53540,"Suffolk,MA"
20608,65223,"Worcester,MA"
2826,39293,"Allegany,MD"
17322,87430,"Anne Arundel,MD"
28106,66486,"Baltimore,MD"
38950,41385,"Baltimore City,MD"
1831,95477,"Calvert,MD"
1073,58632,"Caroline,MD"
3051,84790,"Carroll,MD"
3964,66689,"Cecil,MD"
3955,93160,"Charles,MD"
1306,46361,"Dorchester,MD"
4639,84570,"Frederick,MD"
613,45206,"Garrett,MD"
4780,80622,"Harford,MD"
7077,109865,"Howard,MD"
444,56259,"Kent,MD"
19559,98221,"Montgomery,MD"
579,38447,"Somerset,MD"
967,61597,"Talbot,MD"
3498,55609,"Washington,MD"
3954,51092,"Wicomico,MD"
2410,57952,"Worcester,MD"
3447,44921,"Androscoggin,ME"
1288,37855,"Aroostook,ME"
7807,57461,"Cumberland,ME"
721,41626,"Franklin,ME"
1100,47460,"Hancock,ME"
3840,46808,"Kennebec,ME"
846,49755,"Knox,ME"
609,50181,"Lincoln,ME"
1592,40674,"Oxford,ME"
4782,43734,"Penobscot,ME"
347,36646,"Piscataquis,ME"
795,56733,"Sagadahoc,ME"
1694,38642,"Somerset,ME"
729,42221,"Waldo,ME"
648,37236,"Washington,ME"
4890,57348,"York,ME"
221,37189,"Alcona,MI"
114,37586,"Alger,MI"
2162,52061,"Allegan,MI"
619,38016,"Alpena,MI"
439,45362,"Antrim,MI"
265,38874,"Arenac,MI"
60,41189,"Baraga,MI"
831,52186,"Barry,MI"
2453,45376,"Bay,MI"
184,47366,"Benzie,MI"
5333,43633,"Berrien,MI"
822,41856,"Branch,MI"
5210,42110,"Calhoun,MI"
1000,44346,"Cass,MI"
423,45949,"Charlevoix,MI"
525,38410,"Cheboygan,MI"
730,41637,"Chippewa,MI"
586,32668,"Clare,MI"
1008,60466,"Clinton,MI"
270,40295,"Crawford,MI"
1177,42676,"Delta,MI"
77,44136,"Dickinson,MI"
2177,54115,"Eaton,MI"
545,50929,"Emmet,MI"
19498,42089,"Genesee,MI"
481,37626,"Gladwin,MI"
297,34252,"Gogebic,MI"
1291,51766,"Grand Traverse,MI"
688,40359,"Gratiot,MI"
760,41759,"Hillsdale,MI"
515,35430,"Houghton,MI"
552,40204,"Huron,MI"
8772,45321,"Ingham,MI"
1079,47892,"Ionia,MI"
649,36236,"Iosco,MI"
224,34685,"Iron,MI"
1560,36372,"Isabella,MI"
3713,46615,"Jackson,MI"
8428,45775,"Kalamazoo,MI"
532,40140,"Kalkaska,MI"
17426,51667,"Kent,MI"
39,39038,"Keweenaw,MI"
308,29379,"Lake,MI"
1298,52939,"Lapeer,MI"
112,55018,"Leelanau,MI"
1768,47766,"Lenawee,MI"
2270,72359,"Livingston,MI"
89,39469,"Luce,MI"
489,38704,"Mackinac,MI"
20857,53451,"Macomb,MI"
420,41551,"Manistee,MI"
1523,45622,"Marquette,MI"
1006,41136,"Mason,MI"
1149,39470,"Mecosta,MI"
593,41739,"Menominee,MI"
1053,53076,"Midland,MI"
283,41061,"Missaukee,MI"
4308,53972,"Monroe,MI"
1431,40451,"Montcalm,MI"
52,35261,"Montmorency,MI"
8235,40979,"Muskegon,MI"
1118,42571,"Newaygo,MI"
24840,65594,"Oakland,MI"
565,40023,"Oceana,MI"
501,34619,"Ogemaw,MI"
74,34620,"Ontonagon,MI"
475,37788,"Osceola,MI"
253,33239,"Oscoda,MI"
490,47584,"Otsego,MI"
5633,56453,"Ottawa,MI"
136,39652,"Presque Isle,MI"
584,33334,"Roscommon,MI"
6366,42331,"Saginaw,MI"
693,40478,"Sanilac,MI"
256,35260,"Schoolcraft,MI"
1407,46217,"Shiawassee,MI"
3756,48066,"St. Clair,MI"
1358,44051,"St. Joseph,MI"
911,43039,"Tuscola,MI"
1860,45129,"Van Buren,MI"
9647,59055,"Washtenaw,MI"
89515,41184,"Wayne,MI"
829,40965,"Wexford,MI"
478,41617,"Aitkin,MN"
9812,70380,"Anoka,MN"
341,50214,"Becker,MN"
1899,43231,"Beltrami,MN"
664,52200,"Benton,MN"
54,46313,"Big Stone,MN"
2332,49935,"Blue Earth,MN"
259,48256,"Brown,MN"
939,53016,"Carlton,MN"
1155,83773,"Carver,MN"
1167,45045,"Cass,MN"
160,49434,"Chippewa,MN"
662,67157,"Chisago,MN"
1245,52410,"Clay,MN"
104,43269,"Clearwater,MN"
175,52215,"Cook,MN"
154,45294,"Cottonwood,MN"
1881,47058,"Crow Wing,MN"
9746,73732,"Dakota,MN"
314,69301,"Dodge,MN"
563,50905,"Douglas,MN"
192,44264,"Faribault,MN"
133,50657,"Fillmore,MN"
682,44683,"Freeborn,MN"
1164,56836,"Goodhue,MN"
102,50030,"Grant,MN"
44720,64403,"Hennepin,MN"
152,52545,"Houston,MN"
477,45961,"Hubbard,MN"
610,57353,"Isanti,MN"
948,46912,"Itasca,MN"
107,51681,"Jackson,MN"
400,47068,"Kanabec,MN"
1015,50149,"Kandiyohi,MN"
24,48875,"Kittson,MN"
313,41108,"Koochiching,MN"
63,46939,"Lake,MN"
310,58922,"Le Sueur,MN"
26,47861,"Lincoln,MN"
486,49594,"Lyon,MN"
131,40282,"Mahnomen,MN"
14,52198,"Marshall,MN"
336,48530,"Martin,MN"
431,53904,"Meeker,MN"
919,47862,"Mille Lacs,MN"
410,47649,"Morrison,MN"
1001,46004,"Mower,MN"
50,52160,"Murray,MN"
603,60115,"Nicollet,MN"
255,48208,"Nobles,MN"
0,45389,"Norman,MN"
3378,66252,"Olmsted,MN"
987,48961,"Otter Tail,MN"
316,45633,"Pennington,MN"
1109,43928,"Pine,MN"
68,46019,"Pipestone,MN"
678,50695,"Polk,MN"
96,52350,"Pope,MN"
22167,54247,"Ramsey,MN"
2,47569,"Red Lake,MN"
253,47447,"Redwood,MN"
127,50802,"Renville,MN"
1427,59915,"Rice,MN"
149,46623,"Rock,MN"
140,50759,"Roseau,MN"
2674,86112,"Scott,MN"
1597,73098,"Sherburne,MN"
0,54017,"Sibley,MN"
6610,46517,"St. Louis,MN"
3884,54551,"Stearns,MN"
769,56480,"Steele,MN"
189,54206,"Stevens,MN"
173,48026,"Swift,MN"
390,45000,"Todd,MN"
41,45714,"Traverse,MN"
205,53057,"Wabasha,MN"
121,36928,"Wadena,MN"
332,53657,"Waseca,MN"
6063,81540,"Washington,MN"
161,49698,"Watonwan,MN"
121,50507,"Wilkin,MN"
764,47468,"Winona,MN"
2422,71598,"Wright,MN"
52,52510,"Yellow Medicine,MN"
761,34733,"Adair,MO"
169,54336,"Andrew,MO"
59,44426,"Atchison,MO"
534,43013,"Audrain,MO"
1480,38710,"Barry,MO"
324,40580,"Barton,MO"
545,38579,"Bates,MO"
609,32951,"Benton,MO"
142,37716,"Bollinger,MO"
6197,48627,"Boone,MO"
5394,44363,"Buchanan,MO"
2298,34969,"Butler,MO"
218,41169,"Caldwell,MO"
1428,47964,"Callaway,MO"
1047,43458,"Camden,MO"
3626,46516,"Cape Girardeau,MO"
138,46002,"Carroll,MO"
51,30962,"Carter,MO"
2385,60350,"Cass,MO"
391,30302,"Cedar,MO"
108,39385,"Chariton,MO"
1527,52838,"Christian,MO"
50,40204,"Clark,MO"
3062,60936,"Clay,MO"
527,53826,"Clinton,MO"
2251,53931,"Cole,MO"
484,45992,"Cooper,MO"
544,35897,"Crawford,MO"
83,35483,"Dade,MO"
414,40120,"Dallas,MO"
103,42393,"Daviess,MO"
327,36311,"Dent,MO"
250,32130,"Douglas,MO"
1422,31304,"Dunklin,MO"
2783,48857,"Franklin,MO"
304,41392,"Gasconade,MO"
46,39192,"Gentry,MO"
18964,40337,"Greene,MO"
261,37964,"Grundy,MO"
118,37739,"Harrison,MO"
886,39839,"Henry,MO"
138,29325,"Hickory,MO"
104,42979,"Holt,MO"
78,42747,"Howard,MO"
1585,32533,"Howell,MO"
162,36387,"Iron,MO"
47941,47015,"Jackson,MO"
6093,40399,"Jasper,MO"
4827,54845,"Jefferson,MO"
1467,47223,"Johnson,MO"
43,34481,"Knox,MO"
1143,39013,"Laclede,MO"
706,50527,"Lafayette,MO"
1416,39334,"Lawrence,MO"
133,42071,"Lewis,MO"
855,52835,"Lincoln,MO"
290,38250,"Linn,MO"
378,40116,"Livingston,MO"
397,38443,"Macon,MO"
236,35870,"Madison,MO"
151,42566,"Maries,MO"
1438,42046,"Marion,MO"
21,40272,"Mercer,MO"
664,35507,"Miller,MO"
534,29787,"Mississippi,MO"
234,47118,"Moniteau,MO"
100,40657,"Monroe,MO"
206,40236,"Montgomery,MO"
535,34797,"Morgan,MO"
213,35793,"New Madrid,MO"
2174,42268,"Newton,MO"
411,36641,"Nodaway,MO"
154,27743,"Oregon,MO"
149,51408,"Osage,MO"
170,32078,"Ozark,MO"
858,28889,"Pemiscot,MO"
300,47876,"Perry,MO"
2100,38580,"Pettis,MO"
1530,41964,"Phelps,MO"
326,39850,"Pike,MO"
984,67721,"Platte,MO"
896,39512,"Polk,MO"
1358,49820,"Pulaski,MO"
35,36713,"Putnam,MO"
215,47969,"Ralls,MO"
755,37203,"Randolph,MO"
671,52698,"Ray,MO"
111,34496,"Reynolds,MO"
520,32291,"Ripley,MO"
504,39519,"Saline,MO"
30,34688,"Schuyler,MO"
86,39028,"Scotland,MO"
1742,40651,"Scott,MO"
163,31132,"Shannon,MO"
49,35938,"Shelby,MO"
7327,71077,"St. Charles,MO"
261,31539,"St. Clair,MO"
2115,37238,"St. Francois,MO"
29934,58910,"St. Louis,MO"
28499,34582,"St. Louis City,MO"
293,48433,"Ste. Genevieve,MO"
725,37965,"Stoddard,MO"
730,40850,"Stone,MO"
90,36676,"Sullivan,MO"
2299,38461,"Taney,MO"
613,36082,"Texas,MO"
1275,38679,"Vernon,MO"
917,50830,"Warren,MO"
632,34702,"Washington,MO"
150,33159,"Wayne,MO"
822,44596,"Webster,MO"
42,39348,"Worth,MO"
445,28645,"Wright,MO"
1308,27381,"Adams,MS"
0,33600,"Alcorn,MS"
10,30750,"Amite,MS"
155,31641,"Attala,MS"
0,31060,"Benton,MS"
933,28599,"Bolivar,MS"
0,30000,"Calhoun,MS"
0,31039,"Carroll,MS"
80,31061,"Chickasaw,MS"
78,29876,"Choctaw,MS"
278,23689,"Claiborne,MS"
0,31362,"Clarke,MS"
483,30764,"Clay,MS"
952,26407,"Coahoma,MS"
140,35421,"Copiah,MS"
51,33381,"Covington,MS"
2808,36726,"Forrest,MS"
83,32372,"Franklin,MS"
163,43958,"George,MS"
30,36888,"Greene,MS"
763,34129,"Grenada,MS"
413,44522,"Hancock,MS"
8224,43124,"Harrison,MS"
15151,37626,"Hinds,MS"
34,22325,"Holmes,MS"
14,23600,"Humphreys,MS"
0,24767,"Issaquena,MS"
342,36073,"Itawamba,MS"
5318,48943,"Jackson,MS"
12,31170,"Jasper,MS"
65,26028,"Jefferson,MS"
349,27186,"Jefferson Davis,MS"
1971,38074,"Jones,MS"
49,29003,"Kemper,MS"
502,43328,"Lafayette,MS"
1062,51154,"Lamar,MS"
3037,36203,"Lauderdale,MS"
0,38393,"Lawrence,MS"
60,32521,"Leake,MS"
868,42074,"Lee,MS"
1753,24480,"Leflore,MS"
608,36498,"Lincoln,MS"
1809,37868,"Lowndes,MS"
1456,59904,"Madison,MS"
638,29400,"Marion,MS"
440,36022,"Marshall,MS"
507,36308,"Monroe,MS"
44,30466,"Montgomery,MS"
371,37050,"Neshoba,MS"
5,39190,"Newton,MS"
96,24338,"Noxubee,MS"
1560,30987,"Oktibbeha,MS"
1793,35715,"Panola,MS"
543,42510,"Pearl River,MS"
27,36124,"Perry,MS"
1193,34841,"Pike,MS"
477,39899,"Pontotoc,MS"
60,32503,"Prentiss,MS"
0,22863,"Quitman,MS"
2157,57380,"Rankin,MS"
445,34534,"Scott,MS"
0,35125,"Sharkey,MS"
395,38362,"Simpson,MS"
0,34753,"Smith,MS"
134,42963,"Stone,MS"
935,26619,"Sunflower,MS"
81,29853,"Tallahatchie,MS"
594,41494,"Tate,MS"
116,34636,"Tippah,MS"
124,32592,"Tishomingo,MS"
541,31446,"Tunica,MS"
278,38373,"Union,MS"
220,31090,"Walthall,MS"
1852,41025,"Warren,MS"
3313,28093,"Washington,MS"
0,29925,"Wayne,MS"
41,33524,"Webster,MS"
0,33618,"Wilkinson,MS"
133,30821,"Winston,MS"
0,32930,"Yalobusha,MS"
592,26336,"Yazoo,MS"
85,41614,"Beaverhead,MT"
135,39966,"Big Horn,MT"
46,37151,"Blaine,MT"
62,45932,"Broadwater,MT"
155,47831,"Carbon,MT"
2,39659,"Carter,MT"
3329,44963,"Cascade,MT"
28,40070,"Chouteau,MT"
264,43524,"Custer,MT"
7,46100,"Daniels,MT"
316,50405,"Dawson,MT"
211,38958,"Deer Lodge,MT"
25,51164,"Fallon,MT"
170,38344,"Fergus,MT"
2743,46581,"Flathead,MT"
2421,52833,"Gallatin,MT"
1,45096,"Garfield,MT"
219,33519,"Glacier,MT"
5,39313,"Golden Valley,MT"
52,45236,"Granite,MT"
693,43726,"Hill,MT"
116,60863,"Jefferson,MT"
7,41932,"Judith Basin,MT"
845,38019,"Lake,MT"
0,44493,"Liberty,MT"
295,33333,"Lincoln,MT"
67,47762,"Madison,MT"
25,38182,"Meagher,MT"
6,33033,"Mineral,MT"
3987,46117,"Missoula,MT"
109,43409,"Musselshell,MT"
247,42426,"Park,MT"
0,41705,"Petroleum,MT"
84,42632,"Phillips,MT"
50,41277,"Pondera,MT"
0,46250,"Powder River,MT"
75,40802,"Powell,MT"
8,38036,"Prairie,MT"
701,38688,"Ravalli,MT"
262,58112,"Richland,MT"
315,36920,"Roosevelt,MT"
56,48789,"Rosebud,MT"
152,32881,"Sanders,MT"
85,48667,"Sheridan,MT"
1373,38659,"Silver Bow,MT"
153,57906,"Stillwater,MT"
55,45938,"Sweet Grass,MT"
59,43327,"Teton,MT"
100,46972,"Toole,MT"
0,37105,"Treasure,MT"
78,47181,"Valley,MT"
9,31867,"Wheatland,MT"
3,41875,"Wibaux,MT"
6108,51342,"Yellowstone,MT"
1110,49440,"Adams,NE"
18,43518,"Antelope,NE"
0,40568,"Arthur,NE"
1,36875,"Banner,NE"
0,42917,"Blaine,NE"
0,45246,"Boone,NE"
5,46373,"Box Butte,NE"
0,41279,"Boyd,NE"
39,33647,"Brown,NE"
1145,50963,"Buffalo,NE"
39,46817,"Burt,NE"
51,50247,"Butler,NE"
518,64697,"Cass,NE"
38,48038,"Cedar,NE"
39,45610,"Chase,NE"
57,45464,"Cherry,NE"
112,51529,"Cheyenne,NE"
0,46784,"Clay,NE"
0,51765,"Colfax,NE"
26,47500,"Cuming,NE"
118,44873,"Custer,NE"
423,47069,"Dakota,NE"
189,40359,"Dawes,NE"
524,46078,"Dawson,NE"
27,44922,"Deuel,NE"
98,47325,"Dixon,NE"
910,48626,"Dodge,NE"
23399,53325,"Douglas,NE"
0,47431,"Dundy,NE"
1,48464,"Fillmore,NE"
18,43011,"Franklin,NE"
0,50227,"Frontier,NE"
3,39603,"Furnas,NE"
641,47654,"Gage,NE"
1,39400,"Garden,NE"
0,41892,"Garfield,NE"
33,45893,"Gosper,NE"
0,44167,"Grant,NE"
0,44950,"Greeley,NE"
2731,48712,"Hall,NE"
144,56065,"Hamilton,NE"
0,45920,"Harlan,NE"
0,49125,"Hayes,NE"
25,39702,"Hitchcock,NE"
47,44427,"Holt,NE"
0,39327,"Hooker,NE"
0,49088,"Howard,NE"
48,44843,"Jefferson,NE"
26,42364,"Johnson,NE"
198,56466,"Kearney,NE"
146,41970,"Keith,NE"
0,36923,"Keya Paha,NE"
29,42180,"Kimball,NE"
32,42230,"Knox,NE"
11911,51574,"Lancaster,NE"
1331,48158,"Lincoln,NE"
0,44417,"Logan,NE"
0,38125,"Loup,NE"
930,46566,"Madison,NE"
60,50859,"Merrick,NE"
58,43886,"Morrill,NE"
29,44286,"Nance,NE"
45,42672,"Nemaha,NE"
24,37594,"Nuckolls,NE"
271,50881,"Otoe,NE"
24,37321,"Pawnee,NE"
13,58625,"Perkins,NE"
172,50000,"Phelps,NE"
37,51924,"Pierce,NE"
657,51213,"Platte,NE"
42,52848,"Polk,NE"
289,42345,"Red Willow,NE"
50,38582,"Richardson,NE"
9,43500,"Rock,NE"
302,44109,"Saline,NE"
2693,69965,"Sarpy,NE"
216,59870,"Saunders,NE"
863,43444,"Scotts Bluff,NE"
153,59435,"Seward,NE"
109,38548,"Sheridan,NE"
24,41835,"Sherman,NE"
0,42014,"Sioux,NE"
66,51493,"Stanton,NE"
84,44422,"Thayer,NE"
0,55089,"Thomas,NE"
1,41400,"Thurston,NE"
0,40445,"Valley,NE"
133,65409,"Washington,NE"
27,52147,"Wayne,NE"
35,41045,"Webster,NE"
2,38807,"Wheeler,NE"
273,49633,"York,NE"
2034,58654,"Belknap,NH"
1201,50866,"Carroll,NH"
1462,55155,"Cheshire,NH"
544,41985,"Coos,NH"
1829,54912,"Grafton,NH"
10142,69829,"Hillsborough,NH"
2988,65353,"Merrimack,NH"
6204,77348,"Rockingham,NH"
3456,58825,"Strafford,NH"
983,54463,"Sullivan,NH"
9724,54235,"Atlantic,NJ"
12280,83794,"Bergen,NJ"
8807,78446,"Burlington,NJ"
20002,61683,"Camden,NJ"
4673,56494,"Cape May,NJ"
7664,50750,"Cumberland,NJ"
26821,55095,"Essex,NJ"
8105,74524,"Gloucester,NJ"
15256,58442,"Hudson,NJ"
1151,106143,"Hunterdon,NJ"
9904,73480,"Mercer,NJ"
15271,79596,"Middlesex,NJ"
13263,84526,"Monmouth,NJ"
5555,98633,"Morris,NJ"
11914,61136,"Ocean,NJ"
13539,57654,"Passaic,NJ"
1712,59718,"Salem,NJ"
4719,99020,"Somerset,NJ"
1894,87335,"Sussex,NJ"
13470,68507,"Union,NJ"
1762,70912,"Warren,NJ"
38032,48801,"Bernalillo,NM"
84,39826,"Catron,NM"
3383,39131,"Chaves,NM"
681,37237,"Cibola,NM"
359,37734,"Colfax,NM"
2610,39871,"Curry,NM"
25,37660,"De Baca,NM"
2679,49165,"Eddy,NM"
869,37899,"Grant,NM"
127,29071,"Guadalupe,NM"
0,34063,"Harding,NM"
52,34080,"Hidalgo,NM"
2859,50694,"Lea,NM"
589,43014,"Lincoln,NM"
270,106686,"Los Alamos,NM"
1003,29282,"Luna,NM"
0,28481,"Mora,NM"
1388,39263,"Otero,NM"
306,30802,"Quay,NM"
1065,40250,"Rio Arriba,NM"
689,38764,"Roosevelt,NM"
4121,48196,"San Juan,NM"
592,28275,"San Miguel,NM"
2816,58017,"Sandoval,NM"
5963,52917,"Santa Fe,NM"
336,27430,"Sierra,NM"
659,34036,"Socorro,NM"
576,32637,"Taos,NM"
368,31161,"Torrance,NM"
152,38902,"Union,NM"
2341,42506,"Valencia,NM"
1243,51957,"Carson City,NV"
623,49830,"Churchill,NV"
73306,52873,"Clark,NV"
888,60100,"Douglas,NV"
1446,70238,"Elko,NV"
10,30284,"Esmeralda,NV"
35,64632,"Eureka,NV"
248,59472,"Humboldt,NV"
147,72742,"Lander,NV"
73,40143,"Lincoln,NV"
1287,46137,"Lyon,NV"
67,35017,"Mineral,NV"
1415,39876,"Nye,NV"
154,52101,"Pershing,NV"
136,61573,"Storey,NV"
13016,53040,"Washoe,NV"
170,48586,"White Pine,NV"
409,32556,"Adair,OK"
52,44811,"Alfalfa,OK"
269,37012,"Atoka,OK"
90,51422,"Beaver,OK"
531,48989,"Beckham,OK"
212,44206,"Blaine,OK"
1540,38897,"Bryan,OK"
621,39267,"Caddo,OK"
5204,63629,"Canadian,OK"
2360,41401,"Carter,OK"
1077,37260,"Cherokee,OK"
294,30201,"Choctaw,OK"
3,38301,"Cimarron,OK"
11190,54989,"Cleveland,OK"
85,34867,"Coal,OK"
6648,46036,"Comanche,OK"
31,46317,"Cotton,OK"
220,39236,"Craig,OK"
1384,43026,"Creek,OK"
596,44972,"Custer,OK"
731,36588,"Delaware,OK"
58,46488,"Dewey,OK"
45,47344,"Ellis,OK"
2258,44530,"Garfield,OK"
762,38245,"Garvin,OK"
1579,49637,"Grady,OK"
56,46625,"Grant,OK"
49,39900,"Greer,OK"
102,26688,"Harmon,OK"
26,46117,"Harper,OK"
188,35334,"Haskell,OK"
188,34619,"Hughes,OK"
829,42824,"Jackson,OK"
54,34701,"Jefferson,OK"
85,36192,"Johnston,OK"
1720,41012,"Kay,OK"
181,54666,"Kingfisher,OK"
273,36281,"Kiowa,OK"
107,40970,"Latimer,OK"
1149,36542,"Le Flore,OK"
779,42668,"Lincoln,OK"
813,53591,"Logan,OK"
136,43260,"Love,OK"
181,49905,"Major,OK"
175,37319,"Marshall,OK"
771,42751,"Mayes,OK"
256,44151,"Murray,OK"
3038,38502,"Muskogee,OK"
208,44842,"Noble,OK"
193,39430,"Nowata,OK"
387,35170,"Okfuskee,OK"
42912,45215,"Oklahoma,OK"
1058,39156,"Okmulgee,OK"
1186,44195,"Osage,OK"
919,36473,"Ottawa,OK"
233,44375,"Pawnee,OK"
2460,36812,"Payne,OK"
1628,41252,"Pittsburg,OK"
1304,41881,"Pontotoc,OK"
2884,42764,"Pottawatomie,OK"
227,29897,"Pushmataha,OK"
46,53885,"Roger Mills,OK"
1339,58525,"Rogers,OK"
852,33819,"Seminole,OK"
989,35742,"Sequoyah,OK"
1671,43885,"Stephens,OK"
454,49901,"Texas,OK"
212,36354,"Tillman,OK"
30314,48181,"Tulsa,OK"
1655,55723,"Wagoner,OK"
1546,48687,"Washington,OK"
178,46686,"Washita,OK"
114,51619,"Woods,OK"
618,51867,"Woodward,OK"
77,41500,"Baker,OR"
1956,48604,"Benton,OR"
9834,64352,"Clackamas,OR"
828,44683,"Clatsop,OR"
919,54968,"Columbia,OR"
2151,37940,"Coos,OR"
493,38795,"Crook,OR"
422,39516,"Curry,OR"
5064,50209,"Deschutes,OR"
3367,40524,"Douglas,OR"
18,44743,"Gilliam,OR"
56,35051,"Grant,OR"
185,38113,"Harney,OR"
210,56725,"Hood River,OR"
8569,44005,"Jackson,OR"
546,43373,"Jefferson,OR"
3143,37733,"Josephine,OR"
1576,39627,"Klamath,OR"
47,33611,"Lake,OR"
14505,42931,"Lane,OR"
1537,42365,"Lincoln,OR"
3899,46939,"Linn,OR"
1124,35578,"Malheur,OR"
11515,46885,"Marion,OR"
282,49940,"Morrow,OR"
41623,52511,"Multnomah,OR"
2336,52808,"Polk,OR"
44,42639,"Sherman,OR"
555,43676,"Tillamook,OR"
2740,48389,"Umatilla,OR"
789,42542,"Union,OR"
54,41994,"Wallowa,OR"
872,43765,"Wasco,OR"
11344,64180,"Washington,OR"
3,37974,"Wheeler,OR"
2251,54535,"Yamhill,OR"
1343,59492,"Adams,PA"
31505,51366,"Allegheny,PA"
703,45241,"Armstrong,PA"
4366,49217,"Beaver,PA"
746,43290,"Bedford,PA"
10734,55170,"Berks,PA"
2455,42992,"Blair,PA"
1325,46963,"Bradford,PA"
13035,76555,"Bucks,PA"
2580,58230,"Butler,PA"
2873,41730,"Cambria,PA"
110,41410,"Cameron,PA"
1520,48900,"Carbon,PA"
2375,50336,"Centre,PA"
8518,86050,"Chester,PA"
713,42389,"Clarion,PA"
2088,41030,"Clearfield,PA"
775,42184,"Clinton,PA"
1611,44807,"Columbia,PA"
1516,42504,"Crawford,PA"
4057,60826,"Cumberland,PA"
8704,54066,"Dauphin,PA"
15615,64041,"Delaware,PA"
702,45767,"Elk,PA"
8082,45202,"Erie,PA"
3564,39115,"Fayette,PA"
194,36556,"Forest,PA"
2729,52637,"Franklin,PA"
212,48461,"Fulton,PA"
862,44388,"Greene,PA"
625,44183,"Huntingdon,PA"
1653,43997,"Indiana,PA"
548,41262,"Jefferson,PA"
238,46163,"Juniata,PA"
5105,46044,"Lackawanna,PA"
11233,56483,"Lancaster,PA"
2576,43546,"Lawrence,PA"
2841,54818,"Lebanon,PA"
10583,54923,"Lehigh,PA"
8862,44402,"Luzerne,PA"
2755,45430,"Lycoming,PA"
2927,44301,"Mercer,PA"
1071,40384,"Mifflin,PA"
5171,57408,"Monroe,PA"
16433,79183,"Montgomery,PA"
315,51482,"Montour,PA"
6343,60097,"Northampton,PA"
1645,41208,"Northumberland,PA"
789,57375,"Perry,PA"
74866,37192,"Philadelphia,PA"
1153,59340,"Pike,PA"
215,41547,"Potter,PA"
2627,45012,"Schuylkill,PA"
763,46513,"Snyder,PA"
913,43597,"Somerset,PA"
117,40964,"Sullivan,PA"
568,48231,"Susquehanna,PA"
663,44187,"Tioga,PA"
524,48528,"Union,PA"
881,41977,"Venango,PA"
859,43764,"Warren,PA"
4063,53693,"Washington,PA"
939,49313,"Wayne,PA"
5912,50736,"Westmoreland,PA"
428,48482,"Wyoming,PA"
9825,58745,"York,PA"
772,71238,"Bristol,RI"
3927,62279,"Kent,RI"
2226,71713,"Newport,RI"
20819,49297,"Providence,RI"
2128,72138,"Washington,RI"
878,35947,"Abbeville,SC"
7083,44509,"Aiken,SC"
381,25252,"Allendale,SC"
10825,41579,"Anderson,SC"
797,31483,"Bamberg,SC"
1335,35231,"Barnwell,SC"
5988,57316,"Beaufort,SC"
6802,52427,"Berkeley,SC"
613,40704,"Calhoun,SC"
13122,50792,"Charleston,SC"
1197,34202,"Cherokee,SC"
1513,33103,"Chester,SC"
1895,31252,"Chesterfield,SC"
1538,31410,"Clarendon,SC"
2066,33233,"Colleton,SC"
4384,36323,"Darlington,SC"
2282,28817,"Dillon,SC"
5231,53857,"Dorchester,SC"
575,43861,"Edgefield,SC"
1047,36120,"Fairfield,SC"
6676,41910,"Florence,SC"
2656,40131,"Georgetown,SC"
19207,49022,"Greenville,SC"
4458,36540,"Greenwood,SC"
710,34233,"Hampton,SC"
16165,42431,"Horry,SC"
895,36413,"Jasper,SC"
2481,43765,"Kershaw,SC"
3573,42217,"Lancaster,SC"
2946,37383,"Laurens,SC"
974,27373,"Lee,SC"
8600,54061,"Lexington,SC"
2237,29149,"Marion,SC"
1905,28297,"Marlboro,SC"
1242,41718,"Newberry,SC"
2674,41394,"Oconee,SC"
4951,34110,"Orangeburg,SC"
5161,41788,"Pickens,SC"
23253,48359,"Richland,SC"
529,38514,"Saluda,SC"
10965,42919,"Spartanburg,SC"
5554,41366,"Sumter,SC"
1244,32556,"Union,SC"
1557,25849,"Williamsburg,SC"
7097,53740,"York,SC"
17,46667,"Aurora,SD"
501,42196,"Beadle,SD"
31,37607,"Bennett,SD"
2,40980,"Bon Homme,SD"
160,46896,"Brookings,SD"
615,51398,"Brown,SD"
111,45284,"Brule,SD"
0,30962,"Buffalo,SD"
197,41332,"Butte,SD"
9,35729,"Campbell,SD"
88,40102,"Charles Mix,SD"
12,49055,"Clark,SD"
335,38173,"Clay,SD"
661,47214,"Codington,SD"
25,30880,"Corson,SD"
38,50074,"Custer,SD"
511,48341,"Davison,SD"
0,39761,"Day,SD"
36,51632,"Deuel,SD"
9,30710,"Dewey,SD"
0,49200,"Douglas,SD"
1,49831,"Edmunds,SD"
31,37667,"Fall River,SD"
3,41453,"Faulk,SD"
0,48896,"Grant,SD"
0,36719,"Gregory,SD"
0,47198,"Haakon,SD"
52,55563,"Hamlin,SD"
19,47679,"Hand,SD"
5,55815,"Hanson,SD"
1,44353,"Harding,SD"
599,59338,"Hughes,SD"
22,42451,"Hutchinson,SD"
0,47813,"Hyde,SD"
11,46224,"Jackson,SD"
5,46591,"Jerauld,SD"
0,44808,"Jones,SD"
0,51373,"Kingsbury,SD"
97,48936,"Lake,SD"
699,43273,"Lawrence,SD"
1195,74751,"Lincoln,SD"
0,47596,"Lyman,SD"
55,46597,"Marshall,SD"
269,49324,"Meade,SD"
19,35109,"Mellette,SD"
9,48477,"Miner,SD"
5375,52345,"Minnehaha,SD"
100,51791,"Moody,SD"
4659,50833,"Pennington,SD"
11,38362,"Perkins,SD"
3,44556,"Potter,SD"
114,47191,"Roberts,SD"
0,48384,"Sanborn,SD"
55,48911,"Spink,SD"
38,54620,"Stanley,SD"
1,54524,"Sully,SD"
0,31934,"Todd,SD"
31,39324,"Tripp,SD"
57,51925,"Turner,SD"
116,63468,"Union,SD"
93,41826,"Walworth,SD"
616,52578,"Yankton,SD"
9,32708,"Ziebach,SD"
2640,43620,"Anderson,TN"
1105,40759,"Bedford,TN"
379,33033,"Benton,TN"
117,33443,"Bledsoe,TN"
3653,45991,"Blount,TN"
3869,41083,"Bradley,TN"
1816,31943,"Campbell,TN"
224,40689,"Cannon,TN"
636,35049,"Carroll,TN"
1614,31842,"Carter,TN"
1024,52446,"Cheatham,TN"
328,41875,"Chester,TN"
1030,33229,"Claiborne,TN"
112,29727,"Clay,TN"
1842,30573,"Cocke,TN"
1857,37618,"Coffee,TN"
362,36066,"Crockett,TN"
2226,37188,"Cumberland,TN"
35205,47335,"Davidson,TN"
342,36258,"Decatur,TN"
1571,44318,"Dickson,TN"
1787,38953,"Dyer,TN"
526,56618,"Fayette,TN"
522,29192,"Fentress,TN"
949,42904,"Franklin,TN"
1492,38343,"Gibson,TN"
783,38495,"Giles,TN"
512,32364,"Grainger,TN"
2444,35545,"Greene,TN"
522,26814,"Grundy,TN"
2745,39596,"Hamblen,TN"
17087,46702,"Hamilton,TN"
207,23892,"Hancock,TN"
811,30973,"Hardeman,TN"
1049,33622,"Hardin,TN"
1702,37357,"Hawkins,TN"
801,34542,"Haywood,TN"
972,38280,"Henderson,TN"
1108,36950,"Henry,TN"
485,39581,"Hickman,TN"
139,35271,"Houston,TN"
354,42846,"Humphreys,TN"
269,33386,"Jackson,TN"
1587,39745,"Jefferson,TN"
394,29609,"Johnson,TN"
20679,47694,"Knox,TN"
117,27115,"Lake,TN"
1111,32326,"Lauderdale,TN"
1428,37368,"Lawrence,TN"
345,34397,"Lewis,TN"
957,41571,"Lincoln,TN"
1251,51074,"Loudon,TN"
299,35306,"Macon,TN"
5235,41617,"Madison,TN"
631,41268,"Marion,TN"
599,42291,"Marshall,TN"
2712,45336,"Maury,TN"
334,35150,"Meigs,TN"
1527,37595,"Monroe,TN"
5683,49617,"Montgomery,TN"
93,46170,"Moore,TN"
543,37631,"Morgan,TN"
1202,39467,"Obion,TN"
369,34604,"Overton,TN"
131,32845,"Perry,TN"
68,35184,"Pickett,TN"
416,39074,"Polk,TN"
3241,33709,"Putnam,TN"
878,36741,"Rhea,TN"
1595,42223,"Roane,TN"
1679,52792,"Robertson,TN"
8514,55401,"Rutherford,TN"
617,28401,"Scott,TN"
504,36434,"Sequatchie,TN"
4419,43649,"Sevier,TN"
60653,46250,"Shelby,TN"
441,42383,"Smith,TN"
213,39781,"Stewart,TN"
6448,39479,"Sullivan,TN"
3637,55509,"Sumner,TN"
1619,52423,"Tipton,TN"
187,43034,"Trousdale,TN"
440,32292,"Unicoi,TN"
762,34399,"Union,TN"
122,33547,"Van Buren,TN"
1212,34641,"Warren,TN"
4635,42075,"Washington,TN"
194,33198,"Wayne,TN"
896,35273,"Weakley,TN"
853,34474,"White,TN"
2578,89779,"Williamson,TN"
2983,60390,"Wilson,TN"
1591,40653,"Anderson,TX"
446,57825,"Andrews,TX"
3465,41354,"Angelina,TX"
921,42476,"Aransas,TX"
108,56452,"Archer,TX"
29,61635,"Armstrong,TX"
1336,47543,"Atascosa,TX"
548,53265,"Austin,TX"
199,46139,"Bailey,TX"
145,49215,"Bandera,TX"
2071,51750,"Bastrop,TX"
58,33445,"Baylor,TX"
439,43690,"Bee,TX"
11084,50060,"Bell,TX"
103495,50112,"Bexar,TX"
149,49487,"Blanco,TX"
7,71607,"Borden,TX"
210,44742,"Bosque,TX"
4464,42346,"Bowie,TX"
6844,67603,"Brazoria,TX"
6648,38310,"Brazos,TX"
141,40477,"Brewster,TX"
3,36250,"Briscoe,TX"
155,21865,"Brooks,TX"
1323,39776,"Brown,TX"
224,45651,"Burleson,TX"
921,48115,"Burnet,TX"
931,44152,"Caldwell,TX"
692,47027,"Calhoun,TX"
121,44902,"Callahan,TX"
17907,33179,"Cameron,TX"
379,37079,"Camp,TX"
60,65026,"Carson,TX"
808,35598,"Cass,TX"
233,36402,"Castro,TX"
1084,72489,"Chambers,TX"
1704,38378,"Cherokee,TX"
128,47532,"Childress,TX"
87,53776,"Clay,TX"
128,38650,"Cochran,TX"
23,40795,"Coke,TX"
289,31373,"Coleman,TX"
18613,82762,"Collin,TX"
0,41576,"Collingsworth,TX"
458,45146,"Colorado,TX"
3120,65839,"Comal,TX"
315,36020,"Comanche,TX"
11,51411,"Concho,TX"
1066,50067,"Cooke,TX"
1399,49819,"Coryell,TX"
5,34639,"Cottle,TX"
56,50417,"Crane,TX"
0,50475,"Crockett,TX"
52,38187,"Crosby,TX"
8,37105,"Culberson,TX"
210,40895,"Dallam,TX"
106199,49481,"Dallas,TX"
342,39714,"Dawson,TX"
422,41444,"Deaf Smith,TX"
138,40375,"Delta,TX"
16044,74155,"Denton,TX"
15,38401,"Dickens,TX"
493,36681,"Dimmit,TX"
44,42411,"Donley,TX"
432,34131,"Duval,TX"
444,34914,"Eastland,TX"
6371,51466,"Ector,TX"
27,43839,"Edwards,TX"
22636,40157,"El Paso,TX"
3731,61952,"Ellis,TX"
969,39586,"Erath,TX"
193,32908,"Falls,TX"
638,44355,"Fannin,TX"
306,48015,"Fayette,TX"
72,42125,"Fisher,TX"
143,42279,"Floyd,TX"
3,33750,"Foard,TX"
12619,85297,"Fort Bend,TX"
115,45523,"Franklin,TX"
408,44502,"Freestone,TX"
395,35849,"Frio,TX"
226,52910,"Gaines,TX"
9925,61877,"Galveston,TX"
56,47540,"Garza,TX"
363,53668,"Gillespie,TX"
14,69107,"Glasscock,TX"
126,50923,"Goliad,TX"
647,39248,"Gonzales,TX"
1028,43504,"Gray,TX"
4086,46429,"Grayson,TX"
6095,45525,"Gregg,TX"
669,43994,"Grimes,TX"
3286,61958,"Guadalupe,TX"
1142,41191,"Hale,TX"
52,33006,"Hall,TX"
139,40655,"Hamilton,TX"
107,49150,"Hansford,TX"
113,36377,"Hardeman,TX"
997,53013,"Hardin,TX"
210023,53137,"Harris,TX"
1881,45675,"Harrison,TX"
113,65750,"Hartley,TX"
91,36857,"Haskell,TX"
3805,58651,"Hays,TX"
84,56379,"Hemphill,TX"
2392,40900,"Henderson,TX"
33273,34146,"Hidalgo,TX"
965,40769,"Hill,TX"
755,50565,"Hockley,TX"
1155,55754,"Hood,TX"
420,43657,"Hopkins,TX"
431,33119,"Houston,TX"
1465,45612,"Howard,TX"
32,22545,"Hudspeth,TX"
3266,44858,"Hunt,TX"
840,44731,"Hutchinson,TX"
36,50357,"Irion,TX"
180,49038,"Jack,TX"
218,49528,"Jackson,TX"
912,40417,"Jasper,TX"
10,49056,"Jeff Davis,TX"
12013,42568,"Jefferson,TX"
8,36121,"Jim Hogg,TX"
1953,40585,"Jim Wells,TX"
4131,57535,"Johnson,TX"
506,41297,"Jones,TX"
427,42862,"Karnes,TX"
2520,61194,"Kaufman,TX"
649,73410,"Kendall,TX"
19,43438,"Kenedy,TX"
16,46875,"Kent,TX"
1093,43601,"Kerr,TX"
77,43424,"Kimble,TX"
0,65000,"King,TX"
3,33257,"Kinney,TX"
1512,40566,"Kleberg,TX"
38,34295,"Knox,TX"
59,26756,"La Salle,TX"
1929,40104,"Lamar,TX"
426,36727,"Lamb,TX"
437,49277,"Lampasas,TX"
380,44149,"Lavaca,TX"
382,51534,"Lee,TX"
243,44452,"Leon,TX"
2686,47228,"Liberty,TX"
760,38823,"Limestone,TX"
12,57978,"Lipscomb,TX"
251,42829,"Live Oak,TX"
418,44094,"Llano,TX"
2,68750,"Loving,TX"
15647,44397,"Lubbock,TX"
102,44375,"Lynn,TX"
220,41732,"Madison,TX"
351,31967,"Marion,TX"
71,42607,"Martin,TX"
32,46865,"Mason,TX"
1209,43096,"Matagorda,TX"
1715,31395,"Maverick,TX"
665,55326,"Medina,TX"
7,31215,"Menard,TX"
4108,62993,"Midland,TX"
641,37391,"Milam,TX"
45,44213,"Mills,TX"
235,42045,"Mitchell,TX"
517,44231,"Montague,TX"
10125,67766,"Montgomery,TX"
561,51181,"Moore,TX"
357,37849,"Morris,TX"
26,35845,"Motley,TX"
2074,36777,"Nacogdoches,TX"
2049,40795,"Navarro,TX"
67,37246,"Newton,TX"
639,36806,"Nolan,TX"
17402,47057,"Nueces,TX"
193,49964,"Ochiltree,TX"
28,48929,"Oldham,TX"
2560,49507,"Orange,TX"
1082,41670,"Palo Pinto,TX"
766,52453,"Panola,TX"
2476,64515,"Parker,TX"
94,44943,"Parmer,TX"
380,47019,"Pecos,TX"
1232,37855,"Polk,TX"
5861,37951,"Potter,TX"
24,29634,"Presidio,TX"
206,44478,"Rains,TX"
5164,58529,"Randall,TX"
20,61250,"Reagan,TX"
20,33885,"Real,TX"
234,31712,"Red River,TX"
328,40571,"Reeves,TX"
115,44548,"Refugio,TX"
22,67321,"Roberts,TX"
396,40601,"Robertson,TX"
1470,86119,"Rockwall,TX"
156,37667,"Runnels,TX"
1727,45752,"Rusk,TX"
141,32963,"Sabine,TX"
157,28390,"San Augustine,TX"
787,46107,"San Jacinto,TX"
2172,50657,"San Patricio,TX"
67,37743,"San Saba,TX"
16,50648,"Schleicher,TX"
452,47513,"Scurry,TX"
33,47277,"Shackelford,TX"
662,37081,"Shelby,TX"
12,48185,"Sherman,TX"
7750,47432,"Smith,TX"
114,55269,"Somervell,TX"
1180,24927,"Starr,TX"
128,41728,"Stephens,TX"
3,50543,"Sterling,TX"
11,42429,"Stonewall,TX"
32,53806,"Sutton,TX"
150,36753,"Swisher,TX"
75725,56853,"Tarrant,TX"
5029,44891,"Taylor,TX"
5,39479,"Terrell,TX"
264,37679,"Terry,TX"
6,39286,"Throckmorton,TX"
974,42939,"Titus,TX"
4165,44545,"Tom Green,TX"
51600,58025,"Travis,TX"
213,34555,"Trinity,TX"
351,39940,"Tyler,TX"
1135,46600,"Upshur,TX"
18,51750,"Upton,TX"
908,34902,"Uvalde,TX"
924,40450,"Val Verde,TX"
1128,43439,"Van Zandt,TX"
3617,50364,"Victoria,TX"
1701,37617,"Walker,TX"
941,50097,"Waller,TX"
361,42568,"Ward,TX"
783,44858,"Washington,TX"
12294,39449,"Webb,TX"
1306,40411,"Wharton,TX"
82,51766,"Wheeler,TX"
6255,42971,"Wichita,TX"
426,41658,"Wilbarger,TX"
843,25886,"Willacy,TX"
9212,71803,"Williamson,TX"
665,64571,"Wilson,TX"
96,48992,"Winkler,TX"
962,56005,"Wise,TX"
859,43649,"Wood,TX"
166,49340,"Yoakum,TX"
491,44429,"Young,TX"
198,31109,"Zapata,TX"
210,25625,"Zavala,TX"
48,46660,"Beaver,UT"
1267,57292,"Box Elder,UT"
2007,49506,"Cache,UT"
932,44724,"Carbon,UT"
26,46917,"Daggett,UT"
6869,69707,"Davis,UT"
594,57683,"Duchesne,UT"
199,52763,"Emery,UT"
0,45357,"Garfield,UT"
329,45888,"Grand,UT"
1249,42369,"Iron,UT"
188,55247,"Juab,UT"
126,48540,"Kane,UT"
281,49238,"Millard,UT"
48,80337,"Morgan,UT"
26,38500,"Piute,UT"
40,50000,"Rich,UT"
49600,60555,"Salt Lake,UT"
172,40492,"San Juan,UT"
393,48369,"Sanpete,UT"
606,46229,"Sevier,UT"
1013,83336,"Summit,UT"
1848,61412,"Tooele,UT"
761,62067,"Uintah,UT"
10533,60196,"Utah,UT"
230,65050,"Wasatch,UT"
3070,49279,"Washington,UT"
17,41458,"Wayne,UT"
7760,54974,"Weber,UT"
727,39328,"Accomack,VA"
1905,67725,"Albemarle,VA"
3287,85706,"Alexandria City,VA"
271,44848,"Alleghany,VA"
179,52885,"Amelia,VA"
557,44945,"Amherst,VA"
138,50167,"Appomattox,VA"
4658,103208,"Arlington,VA"
948,52027,"Augusta,VA"
29,51365,"Bath,VA"
828,57596,"Bedford,VA"
70,42139,"Bland,VA"
318,65935,"Botetourt,VA"
715,32221,"Bristol City,VA"
159,36293,"Brunswick,VA"
514,29848,"Buchanan,VA"
429,38648,"Buckingham,VA"
65,36591,"Buena Vista City,VA"
933,47162,"Campbell,VA"
453,57218,"Caroline,VA"
505,32853,"Carroll,VA"
18,48428,"Charles City,VA"
157,33015,"Charlotte,VA"
1716,44601,"Charlottesville City,VA"
7247,69743,"Chesapeake City,VA"
7416,72088,"Chesterfield,VA"
202,77597,"Clarke,VA"
1027,50835,"Colonial Heights City,VA"
165,34319,"Covington City,VA"
17,47806,"Craig,VA"
966,64423,"Culpeper,VA"
117,40557,"Cumberland,VA"
2102,30786,"Danville City,VA"
222,33318,"Dickenson,VA"
486,52027,"Dinwiddie,VA"
333,32155,"Emporia City,VA"
268,44885,"Essex,VA"
16586,110292,"Fairfax,VA"
469,97242,"Fairfax City,VA"
223,120000,"Falls Church City,VA"
817,88409,"Fauquier,VA"
154,44618,"Floyd,VA"
230,68288,"Fluvanna,VA"
925,45624,"Franklin,VA"
397,31928,"Franklin City,VA"
1743,68424,"Frederick,VA"
1222,47040,"Fredericksburg City,VA"
348,30325,"Galax City,VA"
307,45141,"Giles,VA"
726,60519,"Gloucester,VA"
228,80976,"Goochland,VA"
203,30710,"Grayson,VA"
274,59358,"Greene,VA"
137,39697,"Greensville,VA"
1000,34659,"Halifax,VA"
5159,50705,"Hampton City,VA"
1333,75070,"Hanover,VA"
1188,38048,"Harrisonburg City,VA"
8503,61048,"Henrico,VA"
1472,34984,"Henry,VA"
6,49625,"Highland,VA"
977,37933,"Hopewell City,VA"
1037,76960,"James City,VA"
377,81753,"King George,VA"
164,62670,"King William,VA"
139,49248,"Lancaster,VA"
469,31308,"Lee,VA"
91,36505,"Lexington City,VA"
4301,122238,"Loudoun,VA"
533,54518,"Louisa,VA"
140,35237,"Lunenburg,VA"
2385,38138,"Lynchburg City,VA"
169,53459,"Madison,VA"
1049,71036,"Manassas City,VA"
255,71227,"Manassas Park City,VA"
461,28116,"Martinsville City,VA"
132,55192,"Mathews,VA"
799,36261,"Mecklenburg,VA"
62,53309,"Middlesex,VA"
1973,45543,"Montgomery,VA"
268,48789,"Nelson,VA"
360,70618,"New Kent,VA"
6748,51027,"Newport News City,VA"
13494,44747,"Norfolk City,VA"
272,33635,"Northampton,VA"
73,51342,"Northumberland,VA"
219,39416,"Norton City,VA"
325,36607,"Nottoway,VA"
408,60287,"Orange,VA"
493,42906,"Page,VA"
337,34864,"Patrick,VA"
1630,34424,"Petersburg City,VA"
680,42143,"Pittsylvania,VA"
182,81892,"Poquoson City,VA"
5331,46166,"Portsmouth City,VA"
255,76548,"Powhatan,VA"
521,37436,"Prince Edward,VA"
507,63074,"Prince George,VA"
7673,98071,"Prince William,VA"
1228,44312,"Pulaski,VA"
607,30714,"Radford City,VA"
22,56438,"Rappahannock,VA"
67,47083,"Richmond,VA"
11288,40496,"Richmond City,VA"
1681,60795,"Roanoke,VA"
5374,38145,"Roanoke City,VA"
390,48313,"Rockbridge,VA"
791,52195,"Rockingham,VA"
538,33872,"Russell,VA"
590,48733,"Salem City,VA"
420,38355,"Scott,VA"
782,49625,"Shenandoah,VA"
761,37239,"Smyth,VA"
383,46150,"Southampton,VA"
2605,78345,"Spotsylvania,VA"
2480,97110,"Stafford,VA"
582,38501,"Staunton City,VA"
2568,66085,"Suffolk City,VA"
93,47292,"Surry,VA"
182,39635,"Sussex,VA"
1336,35693,"Tazewell,VA"
12653,65219,"Virginia Beach City,VA"
912,61610,"Warren,VA"
1308,41897,"Washington,VA"
819,44847,"Waynesboro City,VA"
237,49157,"Westmoreland,VA"
493,48616,"Williamsburg City,VA"
1267,44200,"Winchester City,VA"
952,36218,"Wise,VA"
310,41275,"Wythe,VA"
1449,82073,"York,VA"
581,57565,"Addison,VT"
1023,50221,"Bennington,VT"
722,45395,"Caledonia,VT"
5053,63989,"Chittenden,VT"
47,35916,"Essex,VT"
1243,56240,"Franklin,VT"
79,59509,"Grand Isle,VT"
423,52686,"Lamoille,VT"
475,52480,"Orange,VT"
513,41953,"Orleans,VT"
2328,49271,"Rutland,VT"
1675,57281,"Washington,VT"
1148,50234,"Windham,VT"
1179,52460,"Windsor,VT"
802,43926,"Adams,WA"
795,43175,"Asotin,WA"
5005,60485,"Benton,WA"
2139,51354,"Chelan,WA"
2510,46033,"Clallam,WA"
12674,58225,"Clark,WA"
172,42519,"Columbia,WA"
4213,47596,"Cowlitz,WA"
885,51908,"Douglas,WA"
62,37571,"Ferry,WA"
2193,55177,"Franklin,WA"
61,51548,"Garfield,WA"
3911,45949,"Grant,WA"
2419,42405,"Grays Harbor,WA"
1628,58455,"Island,WA"
795,46320,"Jefferson,WA"
87570,71811,"King,WA"
8866,62413,"Kitsap,WA"
1436,42982,"Kittitas,WA"
348,41694,"Klickitat,WA"
2208,42860,"Lewis,WA"
209,47195,"Lincoln,WA"
2751,48755,"Mason,WA"
909,40368,"Okanogan,WA"
612,39830,"Pacific,WA"
499,40567,"Pend Oreille,WA"
37683,59204,"Pierce,WA"
230,53376,"San Juan,WA"
5151,55925,"Skagit,WA"
127,53712,"Skamania,WA"
23138,68381,"Snohomish,WA"
30050,49233,"Spokane,WA"
964,41742,"Stevens,WA"
8231,62229,"Thurston,WA"
23,41815,"Wahkiakum,WA"
2259,46597,"Walla Walla,WA"
6522,51939,"Whatcom,WA"
762,36257,"Whitman,WA"
11255,43506,"Yakima,WA"
607,44897,"Adams,WI"
557,38550,"Ashland,WI"
650,44054,"Barron,WI"
315,44944,"Bayfield,WI"
5555,53119,"Brown,WI"
35,47384,"Buffalo,WI"
447,39564,"Burnett,WI"
653,65130,"Calumet,WI"
1144,50551,"Chippewa,WI"
379,43276,"Clark,WI"
1023,57922,"Columbia,WI"
194,42235,"Crawford,WI"
14258,61721,"Dane,WI"
1446,53075,"Dodge,WI"
346,50438,"Door,WI"
1768,45418,"Douglas,WI"
806,48893,"Dunn,WI"
2298,48090,"Eau Claire,WI"
118,47960,"Florence,WI"
218,39963,"Forest,WI"
1071,46963,"Grant,WI"
709,55584,"Green,WI"
344,46994,"Green Lake,WI"
302,55659,"Iowa,WI"
106,39051,"Iron,WI"
392,44149,"Jackson,WI"
1531,53454,"Jefferson,WI"
508,45297,"Juneau,WI"
4701,54930,"Kenosha,WI"
271,53588,"Kewaunee,WI"
3366,51339,"La Crosse,WI"
210,49107,"Lafayette,WI"
845,42389,"Langlade,WI"
583,49021,"Lincoln,WI"
1671,48881,"Manitowoc,WI"
2433,53363,"Marathon,WI"
1109,40490,"Marinette,WI"
241,46077,"Marquette,WI"
61,33333,"Menominee,WI"
52476,43193,"Milwaukee,WI"
1176,49774,"Monroe,WI"
803,51615,"Oconto,WI"
775,45759,"Oneida,WI"
3278,58318,"Outagamie,WI"
954,75457,"Ozaukee,WI"
92,47701,"Pepin,WI"
819,59226,"Pierce,WI"
635,48538,"Polk,WI"
1270,50996,"Portage,WI"
228,42644,"Price,WI"
5800,54090,"Racine,WI"
83,45271,"Richland,WI"
5177,49435,"Rock,WI"
131,38658,"Rusk,WI"
2006,52140,"Sauk,WI"
444,39904,"Sawyer,WI"
891,46559,"Shawano,WI"
2656,52920,"Sheboygan,WI"
1311,68426,"St. Croix,WI"
230,44869,"Taylor,WI"
318,49143,"Trempealeau,WI"
285,45488,"Vernon,WI"
247,40833,"Vilas,WI"
2038,54020,"Walworth,WI"
290,41924,"Washburn,WI"
2392,66159,"Washington,WI"
5250,75850,"Waukesha,WI"
1192,50822,"Waupaca,WI"
474,43070,"Waushara,WI"
3711,51010,"Winnebago,WI"
1678,47685,"Wood,WI"
190,37327,"Barbour,WV"
3245,53515,"Berkeley,WV"
471,42156,"Boone,WV"
191,31848,"Braxton,WV"
348,42493,"Brooke,WV"
5032,38374,"Cabell,WV"
68,31679,"Calhoun,WV"
79,31613,"Clay,WV"
46,34817,"Doddridge,WV"
1363,33771,"Fayette,WV"
59,38442,"Gilmer,WV"
78,41368,"Grant,WV"
544,37895,"Greenbrier,WV"
341,27766,"Hampshire,WV"
316,38522,"Hancock,WV"
140,32723,"Hardy,WV"
1692,43183,"Harrison,WV"
261,40376,"Jackson,WV"
903,65304,"Jefferson,WV"
7663,46085,"Kanawha,WV"
176,36199,"Lewis,WV"
925,35487,"Lincoln,WV"
702,36999,"Logan,WV"
684,42152,"Marion,WV"
891,40681,"Marshall,WV"
427,38411,"Mason,WV"
1836,34842,"Mercer,WV"
518,31163,"Mineral,WV"
368,35955,"Mingo,WV"
2341,44173,"Monongalia,WV"
163,41234,"Monroe,WV"
261,36046,"Morgan,WV"
635,40064,"Nicholas,WV"
1456,41025,"Ohio,WV"
58,34175,"Pendleton,WV"
406,41859,"Pleasants,WV"
96,33779,"Pocahontas,WV"
408,45413,"Preston,WV"
1026,54854,"Putnam,WV"
3697,40758,"Raleigh,WV"
826,37276,"Randolph,WV"
127,35769,"Ritchie,WV"
229,28513,"Roane,WV"
299,33784,"Summers,WV"
55,39536,"Taylor,WV"
53,37635,"Tucker,WV"
162,39206,"Tyler,WV"
400,39381,"Upshur,WV"
1110,36964,"Wayne,WV"
88,27645,"Webster,WV"
186,37969,"Wetzel,WV"
144,34702,"Wirt,WV"
2913,42287,"Wood,WV"
511,34454,"Wyoming,WV"
982,42774,"Albany,WY"
63,52589,"Big Horn,WY"
1498,79488,"Campbell,WY"
374,55347,"Carbon,WY"
408,63918,"Converse,WY"
149,53237,"Crook,WY"
1095,50418,"Fremont,WY"
251,43257,"Goshen,WY"
92,42019,"Hot Springs,WY"
173,57004,"Johnson,WY"
2959,55864,"Laramie,WY"
143,64205,"Lincoln,WY"
2521,57791,"Natrona,WY"
11,38438,"Niobrara,WY"
557,53951,"Park,WY"
93,45512,"Platte,WY"
543,52008,"Sheridan,WY"
96,77900,"Sublette,WY"
1155,71525,"Sweetwater,WY"
277,68078,"Teton,WY"
389,58515,"Uinta,WY"
52,47104,"Washakie,WY"
96,55461,"Weston,WY"
